year,patcnty,agegrp,count
2008,Alameda,Total Births,20470
2008,Alameda,Older Mothers (35 years old or older),4714
2008,Alameda,Teen Mothers (15 years old to 19 years old),1319
2008,Alameda,Typical Aged Mothers (20 years old to 34 years old),14422
2008,Butte,Total Births,2464
2008,Butte,Older Mothers (35 years old or older),254
2008,Butte,Teen Mothers (15 years old to 19 years old),278
2008,Butte,Typical Aged Mothers (20 years old to 34 years old),1928
2008,Calaveras,Total Births,353
2008,Calaveras,Older Mothers (35 years old or older),41
2008,Calaveras,Teen Mothers (15 years old to 19 years old),29
2008,Calaveras,Typical Aged Mothers (20 years old to 34 years old),283
2008,Colusa,Total Births,365
2008,Colusa,Older Mothers (35 years old or older),44
2008,Colusa,Teen Mothers (15 years old to 19 years old),45
2008,Colusa,Typical Aged Mothers (20 years old to 34 years old),276
2008,Contra Costa,Total Births,12705
2008,Contra Costa,Older Mothers (35 years old or older),2745
2008,Contra Costa,Teen Mothers (15 years old to 19 years old),823
2008,Contra Costa,Typical Aged Mothers (20 years old to 34 years old),9131
2008,Del Norte,Total Births,300
2008,Del Norte,Older Mothers (35 years old or older),11
2008,Del Norte,Teen Mothers (15 years old to 19 years old),41
2008,Del Norte,Typical Aged Mothers (20 years old to 34 years old),247
2008,El Dorado,Total Births,1728
2008,El Dorado,Older Mothers (35 years old or older),333
2008,El Dorado,Teen Mothers (15 years old to 19 years old),110
2008,El Dorado,Typical Aged Mothers (20 years old to 34 years old),1285
2008,Fresno,Total Births,16517
2008,Fresno,Older Mothers (35 years old or older),1803
2008,Fresno,Teen Mothers (15 years old to 19 years old),2239
2008,Fresno,Typical Aged Mothers (20 years old to 34 years old),12440
2008,Glenn,Total Births,462
2008,Glenn,Older Mothers (35 years old or older),53
2008,Glenn,Teen Mothers (15 years old to 19 years old),54
2008,Glenn,Typical Aged Mothers (20 years old to 34 years old),355
2008,Humboldt,Total Births,1510
2008,Humboldt,Older Mothers (35 years old or older),179
2008,Humboldt,Teen Mothers (15 years old to 19 years old),141
2008,Humboldt,Typical Aged Mothers (20 years old to 34 years old),1189
2008,Imperial,Total Births,3172
2008,Imperial,Older Mothers (35 years old or older),347
2008,Imperial,Teen Mothers (15 years old to 19 years old),454
2008,Imperial,Typical Aged Mothers (20 years old to 34 years old),2365
2008,Inyo,Total Births,227
2008,Inyo,Older Mothers (35 years old or older),26
2008,Inyo,Teen Mothers (15 years old to 19 years old),24
2008,Inyo,Typical Aged Mothers (20 years old to 34 years old),177
2008,Kern,Total Births,14957
2008,Kern,Older Mothers (35 years old or older),1534
2008,Kern,Teen Mothers (15 years old to 19 years old),2268
2008,Kern,Typical Aged Mothers (20 years old to 34 years old),11138
2008,Kings,Total Births,2296
2008,Kings,Older Mothers (35 years old or older),198
2008,Kings,Teen Mothers (15 years old to 19 years old),362
2008,Kings,Typical Aged Mothers (20 years old to 34 years old),1732
2008,Lake,Total Births,678
2008,Lake,Older Mothers (35 years old or older),58
2008,Lake,Teen Mothers (15 years old to 19 years old),104
2008,Lake,Typical Aged Mothers (20 years old to 34 years old),514
2008,Lassen,Total Births,272
2008,Lassen,Older Mothers (35 years old or older),26
2008,Lassen,Teen Mothers (15 years old to 19 years old),27
2008,Lassen,Typical Aged Mothers (20 years old to 34 years old),218
2008,Los Angeles,Total Births,144471
2008,Los Angeles,Older Mothers (35 years old or older),27244
2008,Los Angeles,Teen Mothers (15 years old to 19 years old),14013
2008,Los Angeles,Typical Aged Mothers (20 years old to 34 years old),103051
2008,Madera,Total Births,2656
2008,Madera,Older Mothers (35 years old or older),267
2008,Madera,Teen Mothers (15 years old to 19 years old),368
2008,Madera,Typical Aged Mothers (20 years old to 34 years old),2013
2008,Marin,Total Births,2585
2008,Marin,Older Mothers (35 years old or older),973
2008,Marin,Teen Mothers (15 years old to 19 years old),96
2008,Marin,Typical Aged Mothers (20 years old to 34 years old),1515
2008,Mendocino,Total Births,1113
2008,Mendocino,Older Mothers (35 years old or older),124
2008,Mendocino,Teen Mothers (15 years old to 19 years old),115
2008,Mendocino,Typical Aged Mothers (20 years old to 34 years old),871
2008,Merced,Total Births,4296
2008,Merced,Older Mothers (35 years old or older),438
2008,Merced,Teen Mothers (15 years old to 19 years old),586
2008,Merced,Typical Aged Mothers (20 years old to 34 years old),3266
2008,Monterey,Total Births,7158
2008,Monterey,Older Mothers (35 years old or older),929
2008,Monterey,Teen Mothers (15 years old to 19 years old),878
2008,Monterey,Typical Aged Mothers (20 years old to 34 years old),5334
2008,Napa,Total Births,1623
2008,Napa,Older Mothers (35 years old or older),325
2008,Napa,Teen Mothers (15 years old to 19 years old),137
2008,Napa,Typical Aged Mothers (20 years old to 34 years old),1160
2008,Nevada,Total Births,792
2008,Nevada,Older Mothers (35 years old or older),151
2008,Nevada,Teen Mothers (15 years old to 19 years old),66
2008,Nevada,Typical Aged Mothers (20 years old to 34 years old),575
2008,Orange,Total Births,41387
2008,Orange,Older Mothers (35 years old or older),8541
2008,Orange,Teen Mothers (15 years old to 19 years old),2950
2008,Orange,Typical Aged Mothers (20 years old to 34 years old),29845
2008,Placer,Total Births,3877
2008,Placer,Older Mothers (35 years old or older),802
2008,Placer,Teen Mothers (15 years old to 19 years old),189
2008,Placer,Typical Aged Mothers (20 years old to 34 years old),2884
2008,Riverside,Total Births,31865
2008,Riverside,Older Mothers (35 years old or older),4210
2008,Riverside,Teen Mothers (15 years old to 19 years old),3639
2008,Riverside,Typical Aged Mothers (20 years old to 34 years old),23979
2008,Sacramento,Total Births,20801
2008,Sacramento,Older Mothers (35 years old or older),3112
2008,Sacramento,Teen Mothers (15 years old to 19 years old),1886
2008,Sacramento,Typical Aged Mothers (20 years old to 34 years old),15779
2008,San Benito,Total Births,796
2008,San Benito,Older Mothers (35 years old or older),117
2008,San Benito,Teen Mothers (15 years old to 19 years old),80
2008,San Benito,Typical Aged Mothers (20 years old to 34 years old),598
2008,San Bernardino,Total Births,32279
2008,San Bernardino,Older Mothers (35 years old or older),3941
2008,San Bernardino,Teen Mothers (15 years old to 19 years old),4189
2008,San Bernardino,Typical Aged Mothers (20 years old to 34 years old),24115
2008,San Diego,Total Births,41118
2008,San Diego,Older Mothers (35 years old or older),7321
2008,San Diego,Teen Mothers (15 years old to 19 years old),3570
2008,San Diego,Typical Aged Mothers (20 years old to 34 years old),30185
2008,San Francisco,Total Births,8821
2008,San Francisco,Older Mothers (35 years old or older),2949
2008,San Francisco,Teen Mothers (15 years old to 19 years old),295
2008,San Francisco,Typical Aged Mothers (20 years old to 34 years old),5564
2008,San Joaquin,Total Births,10852
2008,San Joaquin,Older Mothers (35 years old or older),1387
2008,San Joaquin,Teen Mothers (15 years old to 19 years old),1269
2008,San Joaquin,Typical Aged Mothers (20 years old to 34 years old),8179
2008,San Luis Obispo,Total Births,2618
2008,San Luis Obispo,Older Mothers (35 years old or older),420
2008,San Luis Obispo,Teen Mothers (15 years old to 19 years old),208
2008,San Luis Obispo,Typical Aged Mothers (20 years old to 34 years old),1987
2008,San Mateo,Total Births,8786
2008,San Mateo,Older Mothers (35 years old or older),2503
2008,San Mateo,Teen Mothers (15 years old to 19 years old),355
2008,San Mateo,Typical Aged Mothers (20 years old to 34 years old),5923
2008,Santa Barbara,Total Births,6153
2008,Santa Barbara,Older Mothers (35 years old or older),954
2008,Santa Barbara,Teen Mothers (15 years old to 19 years old),670
2008,Santa Barbara,Typical Aged Mothers (20 years old to 34 years old),4519
2008,Santa Clara,Total Births,26724
2008,Santa Clara,Older Mothers (35 years old or older),6237
2008,Santa Clara,Teen Mothers (15 years old to 19 years old),1491
2008,Santa Clara,Typical Aged Mothers (20 years old to 34 years old),18977
2008,Santa Cruz,Total Births,3576
2008,Santa Cruz,Older Mothers (35 years old or older),672
2008,Santa Cruz,Teen Mothers (15 years old to 19 years old),320
2008,Santa Cruz,Typical Aged Mothers (20 years old to 34 years old),2581
2008,Shasta,Total Births,2161
2008,Shasta,Older Mothers (35 years old or older),207
2008,Shasta,Teen Mothers (15 years old to 19 years old),240
2008,Shasta,Typical Aged Mothers (20 years old to 34 years old),1714
2008,Siskiyou,Total Births,378
2008,Siskiyou,Older Mothers (35 years old or older),42
2008,Siskiyou,Teen Mothers (15 years old to 19 years old),42
2008,Siskiyou,Typical Aged Mothers (20 years old to 34 years old),294
2008,Solano,Total Births,5036
2008,Solano,Older Mothers (35 years old or older),739
2008,Solano,Teen Mothers (15 years old to 19 years old),459
2008,Solano,Typical Aged Mothers (20 years old to 34 years old),3832
2008,Sonoma,Total Births,5444
2008,Sonoma,Older Mothers (35 years old or older),937
2008,Sonoma,Teen Mothers (15 years old to 19 years old),445
2008,Sonoma,Typical Aged Mothers (20 years old to 34 years old),4054
2008,Stanislaus,Total Births,8409
2008,Stanislaus,Older Mothers (35 years old or older),960
2008,Stanislaus,Teen Mothers (15 years old to 19 years old),984
2008,Stanislaus,Typical Aged Mothers (20 years old to 34 years old),6455
2008,Sutter,Total Births,1426
2008,Sutter,Older Mothers (35 years old or older),181
2008,Sutter,Teen Mothers (15 years old to 19 years old),132
2008,Sutter,Typical Aged Mothers (20 years old to 34 years old),1111
2008,Tehama,Total Births,742
2008,Tehama,Older Mothers (35 years old or older),66
2008,Tehama,Teen Mothers (15 years old to 19 years old),109
2008,Tehama,Typical Aged Mothers (20 years old to 34 years old),567
2008,Tulare,Total Births,8388
2008,Tulare,Older Mothers (35 years old or older),853
2008,Tulare,Teen Mothers (15 years old to 19 years old),1233
2008,Tulare,Typical Aged Mothers (20 years old to 34 years old),6286
2008,Ventura,Total Births,11761
2008,Ventura,Older Mothers (35 years old or older),2041
2008,Ventura,Teen Mothers (15 years old to 19 years old),1080
2008,Ventura,Typical Aged Mothers (20 years old to 34 years old),8618
2008,Yolo,Total Births,2590
2008,Yolo,Older Mothers (35 years old or older),453
2008,Yolo,Teen Mothers (15 years old to 19 years old),221
2008,Yolo,Typical Aged Mothers (20 years old to 34 years old),1915
2008,Yuba,Total Births,1218
2008,Yuba,Older Mothers (35 years old or older),108
2008,Yuba,Teen Mothers (15 years old to 19 years old),131
2008,Yuba,Typical Aged Mothers (20 years old to 34 years old),979
2009,Alameda,Total Births,19854
2009,Alameda,Older Mothers (35 years old or older),4555
2009,Alameda,Teen Mothers (15 years old to 19 years old),1233
2009,Alameda,Typical Aged Mothers (20 years old to 34 years old),14051
2009,Butte,Total Births,2373
2009,Butte,Older Mothers (35 years old or older),271
2009,Butte,Teen Mothers (15 years old to 19 years old),232
2009,Butte,Typical Aged Mothers (20 years old to 34 years old),1867
2009,Calaveras,Total Births,324
2009,Calaveras,Older Mothers (35 years old or older),31
2009,Calaveras,Teen Mothers (15 years old to 19 years old),32
2009,Calaveras,Typical Aged Mothers (20 years old to 34 years old),260
2009,Colusa,Total Births,358
2009,Colusa,Older Mothers (35 years old or older),35
2009,Colusa,Teen Mothers (15 years old to 19 years old),41
2009,Colusa,Typical Aged Mothers (20 years old to 34 years old),282
2009,Contra Costa,Total Births,12297
2009,Contra Costa,Older Mothers (35 years old or older),2694
2009,Contra Costa,Teen Mothers (15 years old to 19 years old),747
2009,Contra Costa,Typical Aged Mothers (20 years old to 34 years old),8848
2009,Del Norte,Total Births,299
2009,Del Norte,Older Mothers (35 years old or older),31
2009,Del Norte,Teen Mothers (15 years old to 19 years old),54
2009,Del Norte,Typical Aged Mothers (20 years old to 34 years old),213
2009,El Dorado,Total Births,1638
2009,El Dorado,Older Mothers (35 years old or older),311
2009,El Dorado,Teen Mothers (15 years old to 19 years old),111
2009,El Dorado,Typical Aged Mothers (20 years old to 34 years old),1216
2009,Fresno,Total Births,16073
2009,Fresno,Older Mothers (35 years old or older),1806
2009,Fresno,Teen Mothers (15 years old to 19 years old),2070
2009,Fresno,Typical Aged Mothers (20 years old to 34 years old),12160
2009,Glenn,Total Births,427
2009,Glenn,Older Mothers (35 years old or older),42
2009,Glenn,Teen Mothers (15 years old to 19 years old),54
2009,Glenn,Typical Aged Mothers (20 years old to 34 years old),331
2009,Humboldt,Total Births,1476
2009,Humboldt,Older Mothers (35 years old or older),184
2009,Humboldt,Teen Mothers (15 years old to 19 years old),117
2009,Humboldt,Typical Aged Mothers (20 years old to 34 years old),1173
2009,Imperial,Total Births,3070
2009,Imperial,Older Mothers (35 years old or older),349
2009,Imperial,Teen Mothers (15 years old to 19 years old),454
2009,Imperial,Typical Aged Mothers (20 years old to 34 years old),2260
2009,Inyo,Total Births,235
2009,Inyo,Older Mothers (35 years old or older),30
2009,Inyo,Teen Mothers (15 years old to 19 years old),22
2009,Inyo,Typical Aged Mothers (20 years old to 34 years old),183
2009,Kern,Total Births,14527
2009,Kern,Older Mothers (35 years old or older),1525
2009,Kern,Teen Mothers (15 years old to 19 years old),2120
2009,Kern,Typical Aged Mothers (20 years old to 34 years old),10863
2009,Kings,Total Births,2237
2009,Kings,Older Mothers (35 years old or older),196
2009,Kings,Teen Mothers (15 years old to 19 years old),318
2009,Kings,Typical Aged Mothers (20 years old to 34 years old),1723
2009,Lake,Total Births,703
2009,Lake,Older Mothers (35 years old or older),75
2009,Lake,Teen Mothers (15 years old to 19 years old),88
2009,Lake,Typical Aged Mothers (20 years old to 34 years old),540
2009,Lassen,Total Births,311
2009,Lassen,Older Mothers (35 years old or older),24
2009,Lassen,Teen Mothers (15 years old to 19 years old),35
2009,Lassen,Typical Aged Mothers (20 years old to 34 years old),252
2009,Los Angeles,Total Births,136801
2009,Los Angeles,Older Mothers (35 years old or older),26377
2009,Los Angeles,Teen Mothers (15 years old to 19 years old),13059
2009,Los Angeles,Typical Aged Mothers (20 years old to 34 years old),97231
2009,Madera,Total Births,2499
2009,Madera,Older Mothers (35 years old or older),259
2009,Madera,Teen Mothers (15 years old to 19 years old),331
2009,Madera,Typical Aged Mothers (20 years old to 34 years old),1903
2009,Marin,Total Births,2385
2009,Marin,Older Mothers (35 years old or older),909
2009,Marin,Teen Mothers (15 years old to 19 years old),81
2009,Marin,Typical Aged Mothers (20 years old to 34 years old),1392
2009,Mendocino,Total Births,1055
2009,Mendocino,Older Mothers (35 years old or older),115
2009,Mendocino,Teen Mothers (15 years old to 19 years old),108
2009,Mendocino,Typical Aged Mothers (20 years old to 34 years old),830
2009,Merced,Total Births,4320
2009,Merced,Older Mothers (35 years old or older),484
2009,Merced,Teen Mothers (15 years old to 19 years old),572
2009,Merced,Typical Aged Mothers (20 years old to 34 years old),3257
2009,Monterey,Total Births,6738
2009,Monterey,Older Mothers (35 years old or older),970
2009,Monterey,Teen Mothers (15 years old to 19 years old),767
2009,Monterey,Typical Aged Mothers (20 years old to 34 years old),4988
2009,Napa,Total Births,1601
2009,Napa,Older Mothers (35 years old or older),305
2009,Napa,Teen Mothers (15 years old to 19 years old),108
2009,Napa,Typical Aged Mothers (20 years old to 34 years old),1186
2009,Nevada,Total Births,698
2009,Nevada,Older Mothers (35 years old or older),116
2009,Nevada,Teen Mothers (15 years old to 19 years old),31
2009,Nevada,Typical Aged Mothers (20 years old to 34 years old),550
2009,Orange,Total Births,39384
2009,Orange,Older Mothers (35 years old or older),8354
2009,Orange,Teen Mothers (15 years old to 19 years old),2713
2009,Orange,Typical Aged Mothers (20 years old to 34 years old),28283
2009,Placer,Total Births,3660
2009,Placer,Older Mothers (35 years old or older),706
2009,Placer,Teen Mothers (15 years old to 19 years old),144
2009,Placer,Typical Aged Mothers (20 years old to 34 years old),2809
2009,Riverside,Total Births,30698
2009,Riverside,Older Mothers (35 years old or older),4021
2009,Riverside,Teen Mothers (15 years old to 19 years old),3327
2009,Riverside,Typical Aged Mothers (20 years old to 34 years old),23324
2009,Sacramento,Total Births,19923
2009,Sacramento,Older Mothers (35 years old or older),3042
2009,Sacramento,Teen Mothers (15 years old to 19 years old),1699
2009,Sacramento,Typical Aged Mothers (20 years old to 34 years old),15153
2009,San Benito,Total Births,723
2009,San Benito,Older Mothers (35 years old or older),94
2009,San Benito,Teen Mothers (15 years old to 19 years old),82
2009,San Benito,Typical Aged Mothers (20 years old to 34 years old),547
2009,San Bernardino,Total Births,30541
2009,San Bernardino,Older Mothers (35 years old or older),3622
2009,San Bernardino,Teen Mothers (15 years old to 19 years old),3746
2009,San Bernardino,Typical Aged Mothers (20 years old to 34 years old),23130
2009,San Diego,Total Births,39158
2009,San Diego,Older Mothers (35 years old or older),7299
2009,San Diego,Teen Mothers (15 years old to 19 years old),3245
2009,San Diego,Typical Aged Mothers (20 years old to 34 years old),28581
2009,San Francisco,Total Births,8537
2009,San Francisco,Older Mothers (35 years old or older),2934
2009,San Francisco,Teen Mothers (15 years old to 19 years old),265
2009,San Francisco,Typical Aged Mothers (20 years old to 34 years old),5336
2009,San Joaquin,Total Births,10653
2009,San Joaquin,Older Mothers (35 years old or older),1340
2009,San Joaquin,Teen Mothers (15 years old to 19 years old),1199
2009,San Joaquin,Typical Aged Mothers (20 years old to 34 years old),8096
2009,San Luis Obispo,Total Births,2511
2009,San Luis Obispo,Older Mothers (35 years old or older),392
2009,San Luis Obispo,Teen Mothers (15 years old to 19 years old),166
2009,San Luis Obispo,Typical Aged Mothers (20 years old to 34 years old),1951
2009,San Mateo,Total Births,8647
2009,San Mateo,Older Mothers (35 years old or older),2648
2009,San Mateo,Teen Mothers (15 years old to 19 years old),359
2009,San Mateo,Typical Aged Mothers (20 years old to 34 years old),5635
2009,Santa Barbara,Total Births,5899
2009,Santa Barbara,Older Mothers (35 years old or older),878
2009,Santa Barbara,Teen Mothers (15 years old to 19 years old),671
2009,Santa Barbara,Typical Aged Mothers (20 years old to 34 years old),4338
2009,Santa Clara,Total Births,25161
2009,Santa Clara,Older Mothers (35 years old or older),5855
2009,Santa Clara,Teen Mothers (15 years old to 19 years old),1386
2009,Santa Clara,Typical Aged Mothers (20 years old to 34 years old),17905
2009,Santa Cruz,Total Births,3401
2009,Santa Cruz,Older Mothers (35 years old or older),644
2009,Santa Cruz,Teen Mothers (15 years old to 19 years old),347
2009,Santa Cruz,Typical Aged Mothers (20 years old to 34 years old),2405
2009,Shasta,Total Births,2026
2009,Shasta,Older Mothers (35 years old or older),188
2009,Shasta,Teen Mothers (15 years old to 19 years old),206
2009,Shasta,Typical Aged Mothers (20 years old to 34 years old),1630
2009,Siskiyou,Total Births,365
2009,Siskiyou,Older Mothers (35 years old or older),37
2009,Siskiyou,Teen Mothers (15 years old to 19 years old),40
2009,Siskiyou,Typical Aged Mothers (20 years old to 34 years old),288
2009,Solano,Total Births,4826
2009,Solano,Older Mothers (35 years old or older),804
2009,Solano,Teen Mothers (15 years old to 19 years old),433
2009,Solano,Typical Aged Mothers (20 years old to 34 years old),3585
2009,Sonoma,Total Births,5390
2009,Sonoma,Older Mothers (35 years old or older),1023
2009,Sonoma,Teen Mothers (15 years old to 19 years old),338
2009,Sonoma,Typical Aged Mothers (20 years old to 34 years old),4025
2009,Stanislaus,Total Births,7830
2009,Stanislaus,Older Mothers (35 years old or older),887
2009,Stanislaus,Teen Mothers (15 years old to 19 years old),859
2009,Stanislaus,Typical Aged Mothers (20 years old to 34 years old),6078
2009,Sutter,Total Births,1410
2009,Sutter,Older Mothers (35 years old or older),166
2009,Sutter,Teen Mothers (15 years old to 19 years old),132
2009,Sutter,Typical Aged Mothers (20 years old to 34 years old),1109
2009,Tehama,Total Births,761
2009,Tehama,Older Mothers (35 years old or older),65
2009,Tehama,Teen Mothers (15 years old to 19 years old),109
2009,Tehama,Typical Aged Mothers (20 years old to 34 years old),586
2009,Tulare,Total Births,8224
2009,Tulare,Older Mothers (35 years old or older),838
2009,Tulare,Teen Mothers (15 years old to 19 years old),1249
2009,Tulare,Typical Aged Mothers (20 years old to 34 years old),6116
2009,Ventura,Total Births,11115
2009,Ventura,Older Mothers (35 years old or older),1861
2009,Ventura,Teen Mothers (15 years old to 19 years old),1078
2009,Ventura,Typical Aged Mothers (20 years old to 34 years old),8156
2009,Yolo,Total Births,2448
2009,Yolo,Older Mothers (35 years old or older),439
2009,Yolo,Teen Mothers (15 years old to 19 years old),180
2009,Yolo,Typical Aged Mothers (20 years old to 34 years old),1829
2009,Yuba,Total Births,1192
2009,Yuba,Older Mothers (35 years old or older),108
2009,Yuba,Teen Mothers (15 years old to 19 years old),129
2009,Yuba,Typical Aged Mothers (20 years old to 34 years old),955
2010,Alameda,Total Births,18800
2010,Alameda,Older Mothers (35 years old or older),4407
2010,Alameda,Teen Mothers (15 years old to 19 years old),1056
2010,Alameda,Typical Aged Mothers (20 years old to 34 years old),13326
2010,Butte,Total Births,2383
2010,Butte,Older Mothers (35 years old or older),248
2010,Butte,Teen Mothers (15 years old to 19 years old),204
2010,Butte,Typical Aged Mothers (20 years old to 34 years old),1927
2010,Calaveras,Total Births,329
2010,Calaveras,Older Mothers (35 years old or older),39
2010,Calaveras,Teen Mothers (15 years old to 19 years old),34
2010,Calaveras,Typical Aged Mothers (20 years old to 34 years old),256
2010,Colusa,Total Births,331
2010,Colusa,Older Mothers (35 years old or older),42
2010,Colusa,Teen Mothers (15 years old to 19 years old),32
2010,Colusa,Typical Aged Mothers (20 years old to 34 years old),257
2010,Contra Costa,Total Births,11942
2010,Contra Costa,Older Mothers (35 years old or older),2633
2010,Contra Costa,Teen Mothers (15 years old to 19 years old),723
2010,Contra Costa,Typical Aged Mothers (20 years old to 34 years old),8578
2010,Del Norte,Total Births,361
2010,Del Norte,Older Mothers (35 years old or older),31
2010,Del Norte,Teen Mothers (15 years old to 19 years old),66
2010,Del Norte,Typical Aged Mothers (20 years old to 34 years old),264
2010,El Dorado,Total Births,1519
2010,El Dorado,Older Mothers (35 years old or older),289
2010,El Dorado,Teen Mothers (15 years old to 19 years old),94
2010,El Dorado,Typical Aged Mothers (20 years old to 34 years old),1136
2010,Fresno,Total Births,16060
2010,Fresno,Older Mothers (35 years old or older),1912
2010,Fresno,Teen Mothers (15 years old to 19 years old),2025
2010,Fresno,Typical Aged Mothers (20 years old to 34 years old),12101
2010,Glenn,Total Births,425
2010,Glenn,Older Mothers (35 years old or older),42
2010,Glenn,Teen Mothers (15 years old to 19 years old),42
2010,Glenn,Typical Aged Mothers (20 years old to 34 years old),341
2010,Humboldt,Total Births,1469
2010,Humboldt,Older Mothers (35 years old or older),187
2010,Humboldt,Teen Mothers (15 years old to 19 years old),123
2010,Humboldt,Typical Aged Mothers (20 years old to 34 years old),1159
2010,Imperial,Total Births,3008
2010,Imperial,Older Mothers (35 years old or older),313
2010,Imperial,Teen Mothers (15 years old to 19 years old),391
2010,Imperial,Typical Aged Mothers (20 years old to 34 years old),2301
2010,Inyo,Total Births,184
2010,Inyo,Older Mothers (35 years old or older),28
2010,Inyo,Teen Mothers (15 years old to 19 years old),15
2010,Inyo,Typical Aged Mothers (20 years old to 34 years old),141
2010,Kern,Total Births,14112
2010,Kern,Older Mothers (35 years old or older),1448
2010,Kern,Teen Mothers (15 years old to 19 years old),1988
2010,Kern,Typical Aged Mothers (20 years old to 34 years old),10659
2010,Kings,Total Births,2047
2010,Kings,Older Mothers (35 years old or older),167
2010,Kings,Teen Mothers (15 years old to 19 years old),272
2010,Kings,Typical Aged Mothers (20 years old to 34 years old),1606
2010,Lake,Total Births,677
2010,Lake,Older Mothers (35 years old or older),58
2010,Lake,Teen Mothers (15 years old to 19 years old),85
2010,Lake,Typical Aged Mothers (20 years old to 34 years old),534
2010,Lassen,Total Births,269
2010,Lassen,Older Mothers (35 years old or older),25
2010,Lassen,Teen Mothers (15 years old to 19 years old),31
2010,Lassen,Typical Aged Mothers (20 years old to 34 years old),213
2010,Los Angeles,Total Births,130369
2010,Los Angeles,Older Mothers (35 years old or older),25618
2010,Los Angeles,Teen Mothers (15 years old to 19 years old),11617
2010,Los Angeles,Typical Aged Mothers (20 years old to 34 years old),93023
2010,Madera,Total Births,2462
2010,Madera,Older Mothers (35 years old or older),254
2010,Madera,Teen Mothers (15 years old to 19 years old),320
2010,Madera,Typical Aged Mothers (20 years old to 34 years old),1885
2010,Marin,Total Births,2262
2010,Marin,Older Mothers (35 years old or older),859
2010,Marin,Teen Mothers (15 years old to 19 years old),76
2010,Marin,Typical Aged Mothers (20 years old to 34 years old),1326
2010,Mendocino,Total Births,1021
2010,Mendocino,Older Mothers (35 years old or older),119
2010,Mendocino,Teen Mothers (15 years old to 19 years old),105
2010,Mendocino,Typical Aged Mothers (20 years old to 34 years old),797
2010,Merced,Total Births,4178
2010,Merced,Older Mothers (35 years old or older),466
2010,Merced,Teen Mothers (15 years old to 19 years old),502
2010,Merced,Typical Aged Mothers (20 years old to 34 years old),3203
2010,Monterey,Total Births,6469
2010,Monterey,Older Mothers (35 years old or older),930
2010,Monterey,Teen Mothers (15 years old to 19 years old),731
2010,Monterey,Typical Aged Mothers (20 years old to 34 years old),4797
2010,Napa,Total Births,1484
2010,Napa,Older Mothers (35 years old or older),305
2010,Napa,Teen Mothers (15 years old to 19 years old),106
2010,Napa,Typical Aged Mothers (20 years old to 34 years old),1073
2010,Nevada,Total Births,717
2010,Nevada,Older Mothers (35 years old or older),135
2010,Nevada,Teen Mothers (15 years old to 19 years old),43
2010,Nevada,Typical Aged Mothers (20 years old to 34 years old),538
2010,Orange,Total Births,37443
2010,Orange,Older Mothers (35 years old or older),8036
2010,Orange,Teen Mothers (15 years old to 19 years old),2468
2010,Orange,Typical Aged Mothers (20 years old to 34 years old),26902
2010,Placer,Total Births,3703
2010,Placer,Older Mothers (35 years old or older),666
2010,Placer,Teen Mothers (15 years old to 19 years old),170
2010,Placer,Typical Aged Mothers (20 years old to 34 years old),2866
2010,Riverside,Total Births,29694
2010,Riverside,Older Mothers (35 years old or older),4092
2010,Riverside,Teen Mothers (15 years old to 19 years old),2873
2010,Riverside,Typical Aged Mothers (20 years old to 34 years old),22700
2010,Sacramento,Total Births,19421
2010,Sacramento,Older Mothers (35 years old or older),2920
2010,Sacramento,Teen Mothers (15 years old to 19 years old),1566
2010,Sacramento,Typical Aged Mothers (20 years old to 34 years old),14917
2010,San Benito,Total Births,722
2010,San Benito,Older Mothers (35 years old or older),128
2010,San Benito,Teen Mothers (15 years old to 19 years old),45
2010,San Benito,Typical Aged Mothers (20 years old to 34 years old),549
2010,San Bernardino,Total Births,29666
2010,San Bernardino,Older Mothers (35 years old or older),3652
2010,San Bernardino,Teen Mothers (15 years old to 19 years old),3361
2010,San Bernardino,Typical Aged Mothers (20 years old to 34 years old),22625
2010,San Diego,Total Births,38880
2010,San Diego,Older Mothers (35 years old or older),7422
2010,San Diego,Teen Mothers (15 years old to 19 years old),2886
2010,San Diego,Typical Aged Mothers (20 years old to 34 years old),28543
2010,San Francisco,Total Births,8533
2010,San Francisco,Older Mothers (35 years old or older),3097
2010,San Francisco,Teen Mothers (15 years old to 19 years old),229
2010,San Francisco,Typical Aged Mothers (20 years old to 34 years old),5207
2010,San Joaquin,Total Births,10381
2010,San Joaquin,Older Mothers (35 years old or older),1400
2010,San Joaquin,Teen Mothers (15 years old to 19 years old),1056
2010,San Joaquin,Typical Aged Mothers (20 years old to 34 years old),7919
2010,San Luis Obispo,Total Births,2614
2010,San Luis Obispo,Older Mothers (35 years old or older),430
2010,San Luis Obispo,Teen Mothers (15 years old to 19 years old),196
2010,San Luis Obispo,Typical Aged Mothers (20 years old to 34 years old),1984
2010,San Mateo,Total Births,8402
2010,San Mateo,Older Mothers (35 years old or older),2476
2010,San Mateo,Teen Mothers (15 years old to 19 years old),285
2010,San Mateo,Typical Aged Mothers (20 years old to 34 years old),5636
2010,Santa Barbara,Total Births,5592
2010,Santa Barbara,Older Mothers (35 years old or older),859
2010,Santa Barbara,Teen Mothers (15 years old to 19 years old),628
2010,Santa Barbara,Typical Aged Mothers (20 years old to 34 years old),4104
2010,Santa Clara,Total Births,23916
2010,Santa Clara,Older Mothers (35 years old or older),5731
2010,Santa Clara,Teen Mothers (15 years old to 19 years old),1238
2010,Santa Clara,Typical Aged Mothers (20 years old to 34 years old),16925
2010,Santa Cruz,Total Births,3221
2010,Santa Cruz,Older Mothers (35 years old or older),629
2010,Santa Cruz,Teen Mothers (15 years old to 19 years old),283
2010,Santa Cruz,Typical Aged Mothers (20 years old to 34 years old),2308
2010,Shasta,Total Births,2075
2010,Shasta,Older Mothers (35 years old or older),181
2010,Shasta,Teen Mothers (15 years old to 19 years old),192
2010,Shasta,Typical Aged Mothers (20 years old to 34 years old),1702
2010,Siskiyou,Total Births,348
2010,Siskiyou,Older Mothers (35 years old or older),39
2010,Siskiyou,Teen Mothers (15 years old to 19 years old),44
2010,Siskiyou,Typical Aged Mothers (20 years old to 34 years old),265
2010,Solano,Total Births,4537
2010,Solano,Older Mothers (35 years old or older),691
2010,Solano,Teen Mothers (15 years old to 19 years old),351
2010,Solano,Typical Aged Mothers (20 years old to 34 years old),3490
2010,Sonoma,Total Births,5115
2010,Sonoma,Older Mothers (35 years old or older),954
2010,Sonoma,Teen Mothers (15 years old to 19 years old),343
2010,Sonoma,Typical Aged Mothers (20 years old to 34 years old),3814
2010,Stanislaus,Total Births,7688
2010,Stanislaus,Older Mothers (35 years old or older),954
2010,Stanislaus,Teen Mothers (15 years old to 19 years old),801
2010,Stanislaus,Typical Aged Mothers (20 years old to 34 years old),5925
2010,Sutter,Total Births,1311
2010,Sutter,Older Mothers (35 years old or older),157
2010,Sutter,Teen Mothers (15 years old to 19 years old),106
2010,Sutter,Typical Aged Mothers (20 years old to 34 years old),1048
2010,Tehama,Total Births,728
2010,Tehama,Older Mothers (35 years old or older),61
2010,Tehama,Teen Mothers (15 years old to 19 years old),103
2010,Tehama,Typical Aged Mothers (20 years old to 34 years old),564
2010,Tulare,Total Births,8024
2010,Tulare,Older Mothers (35 years old or older),856
2010,Tulare,Teen Mothers (15 years old to 19 years old),1119
2010,Tulare,Typical Aged Mothers (20 years old to 34 years old),6032
2010,Ventura,Total Births,10916
2010,Ventura,Older Mothers (35 years old or older),1976
2010,Ventura,Teen Mothers (15 years old to 19 years old),923
2010,Ventura,Typical Aged Mothers (20 years old to 34 years old),8003
2010,Yolo,Total Births,2376
2010,Yolo,Older Mothers (35 years old or older),428
2010,Yolo,Teen Mothers (15 years old to 19 years old),171
2010,Yolo,Typical Aged Mothers (20 years old to 34 years old),1776
2010,Yuba,Total Births,1202
2010,Yuba,Older Mothers (35 years old or older),102
2010,Yuba,Teen Mothers (15 years old to 19 years old),144
2010,Yuba,Typical Aged Mothers (20 years old to 34 years old),955
2011,Alameda,Total Births,18397
2011,Alameda,Older Mothers (35 years old or older),4435
2011,Alameda,Teen Mothers (15 years old to 19 years old),899
2011,Alameda,Typical Aged Mothers (20 years old to 34 years old),13048
2011,Butte,Total Births,2316
2011,Butte,Older Mothers (35 years old or older),268
2011,Butte,Teen Mothers (15 years old to 19 years old),202
2011,Butte,Typical Aged Mothers (20 years old to 34 years old),1845
2011,Calaveras,Total Births,313
2011,Calaveras,Older Mothers (35 years old or older),37
2011,Calaveras,Teen Mothers (15 years old to 19 years old),23
2011,Calaveras,Typical Aged Mothers (20 years old to 34 years old),253
2011,Colusa,Total Births,292
2011,Colusa,Older Mothers (35 years old or older),44
2011,Colusa,Teen Mothers (15 years old to 19 years old),23
2011,Colusa,Typical Aged Mothers (20 years old to 34 years old),225
2011,Contra Costa,Total Births,11720
2011,Contra Costa,Older Mothers (35 years old or older),2649
2011,Contra Costa,Teen Mothers (15 years old to 19 years old),611
2011,Contra Costa,Typical Aged Mothers (20 years old to 34 years old),8454
2011,Del Norte,Total Births,319
2011,Del Norte,Older Mothers (35 years old or older),29
2011,Del Norte,Teen Mothers (15 years old to 19 years old),36
2011,Del Norte,Typical Aged Mothers (20 years old to 34 years old),254
2011,El Dorado,Total Births,1532
2011,El Dorado,Older Mothers (35 years old or older),276
2011,El Dorado,Teen Mothers (15 years old to 19 years old),67
2011,El Dorado,Typical Aged Mothers (20 years old to 34 years old),1187
2011,Fresno,Total Births,15950
2011,Fresno,Older Mothers (35 years old or older),1944
2011,Fresno,Teen Mothers (15 years old to 19 years old),1766
2011,Fresno,Typical Aged Mothers (20 years old to 34 years old),12211
2011,Glenn,Total Births,380
2011,Glenn,Older Mothers (35 years old or older),43
2011,Glenn,Teen Mothers (15 years old to 19 years old),40
2011,Glenn,Typical Aged Mothers (20 years old to 34 years old),295
2011,Humboldt,Total Births,1380
2011,Humboldt,Older Mothers (35 years old or older),171
2011,Humboldt,Teen Mothers (15 years old to 19 years old),104
2011,Humboldt,Typical Aged Mothers (20 years old to 34 years old),1102
2011,Imperial,Total Births,3030
2011,Imperial,Older Mothers (35 years old or older),306
2011,Imperial,Teen Mothers (15 years old to 19 years old),381
2011,Imperial,Typical Aged Mothers (20 years old to 34 years old),2340
2011,Inyo,Total Births,210
2011,Inyo,Older Mothers (35 years old or older),25
2011,Inyo,Teen Mothers (15 years old to 19 years old),23
2011,Inyo,Typical Aged Mothers (20 years old to 34 years old),162
2011,Kern,Total Births,13941
2011,Kern,Older Mothers (35 years old or older),1475
2011,Kern,Teen Mothers (15 years old to 19 years old),1818
2011,Kern,Typical Aged Mothers (20 years old to 34 years old),10629
2011,Kings,Total Births,2106
2011,Kings,Older Mothers (35 years old or older),221
2011,Kings,Teen Mothers (15 years old to 19 years old),276
2011,Kings,Typical Aged Mothers (20 years old to 34 years old),1604
2011,Lake,Total Births,689
2011,Lake,Older Mothers (35 years old or older),64
2011,Lake,Teen Mothers (15 years old to 19 years old),73
2011,Lake,Typical Aged Mothers (20 years old to 34 years old),552
2011,Lassen,Total Births,261
2011,Lassen,Older Mothers (35 years old or older),17
2011,Lassen,Teen Mothers (15 years old to 19 years old),29
2011,Lassen,Typical Aged Mothers (20 years old to 34 years old),215
2011,Los Angeles,Total Births,127613
2011,Los Angeles,Older Mothers (35 years old or older),25857
2011,Los Angeles,Teen Mothers (15 years old to 19 years old),10306
2011,Los Angeles,Typical Aged Mothers (20 years old to 34 years old),91329
2011,Madera,Total Births,2445
2011,Madera,Older Mothers (35 years old or older),316
2011,Madera,Teen Mothers (15 years old to 19 years old),275
2011,Madera,Typical Aged Mothers (20 years old to 34 years old),1848
2011,Marin,Total Births,2271
2011,Marin,Older Mothers (35 years old or older),882
2011,Marin,Teen Mothers (15 years old to 19 years old),76
2011,Marin,Typical Aged Mothers (20 years old to 34 years old),1311
2011,Mendocino,Total Births,1013
2011,Mendocino,Older Mothers (35 years old or older),133
2011,Mendocino,Teen Mothers (15 years old to 19 years old),95
2011,Mendocino,Typical Aged Mothers (20 years old to 34 years old),784
2011,Merced,Total Births,4166
2011,Merced,Older Mothers (35 years old or older),483
2011,Merced,Teen Mothers (15 years old to 19 years old),499
2011,Merced,Typical Aged Mothers (20 years old to 34 years old),3179
2011,Monterey,Total Births,6611
2011,Monterey,Older Mothers (35 years old or older),914
2011,Monterey,Teen Mothers (15 years old to 19 years old),697
2011,Monterey,Typical Aged Mothers (20 years old to 34 years old),4990
2011,Napa,Total Births,1523
2011,Napa,Older Mothers (35 years old or older),300
2011,Napa,Teen Mothers (15 years old to 19 years old),102
2011,Napa,Typical Aged Mothers (20 years old to 34 years old),1120
2011,Nevada,Total Births,680
2011,Nevada,Older Mothers (35 years old or older),109
2011,Nevada,Teen Mothers (15 years old to 19 years old),51
2011,Nevada,Typical Aged Mothers (20 years old to 34 years old),520
2011,Orange,Total Births,37210
2011,Orange,Older Mothers (35 years old or older),8244
2011,Orange,Teen Mothers (15 years old to 19 years old),2227
2011,Orange,Typical Aged Mothers (20 years old to 34 years old),26706
2011,Placer,Total Births,3662
2011,Placer,Older Mothers (35 years old or older),711
2011,Placer,Teen Mothers (15 years old to 19 years old),135
2011,Placer,Typical Aged Mothers (20 years old to 34 years old),2816
2011,Riverside,Total Births,29574
2011,Riverside,Older Mothers (35 years old or older),4091
2011,Riverside,Teen Mothers (15 years old to 19 years old),2559
2011,Riverside,Typical Aged Mothers (20 years old to 34 years old),22904
2011,Sacramento,Total Births,19422
2011,Sacramento,Older Mothers (35 years old or older),2980
2011,Sacramento,Teen Mothers (15 years old to 19 years old),1434
2011,Sacramento,Typical Aged Mothers (20 years old to 34 years old),14998
2011,San Benito,Total Births,751
2011,San Benito,Older Mothers (35 years old or older),120
2011,San Benito,Teen Mothers (15 years old to 19 years old),55
2011,San Benito,Typical Aged Mothers (20 years old to 34 years old),575
2011,San Bernardino,Total Births,28935
2011,San Bernardino,Older Mothers (35 years old or older),3775
2011,San Bernardino,Teen Mothers (15 years old to 19 years old),2958
2011,San Bernardino,Typical Aged Mothers (20 years old to 34 years old),22169
2011,San Diego,Total Births,37884
2011,San Diego,Older Mothers (35 years old or older),7303
2011,San Diego,Teen Mothers (15 years old to 19 years old),2537
2011,San Diego,Typical Aged Mothers (20 years old to 34 years old),28027
2011,San Francisco,Total Births,8626
2011,San Francisco,Older Mothers (35 years old or older),3089
2011,San Francisco,Teen Mothers (15 years old to 19 years old),224
2011,San Francisco,Typical Aged Mothers (20 years old to 34 years old),5307
2011,San Joaquin,Total Births,10140
2011,San Joaquin,Older Mothers (35 years old or older),1363
2011,San Joaquin,Teen Mothers (15 years old to 19 years old),921
2011,San Joaquin,Typical Aged Mothers (20 years old to 34 years old),7848
2011,San Luis Obispo,Total Births,2538
2011,San Luis Obispo,Older Mothers (35 years old or older),420
2011,San Luis Obispo,Teen Mothers (15 years old to 19 years old),143
2011,San Luis Obispo,Typical Aged Mothers (20 years old to 34 years old),1972
2011,San Mateo,Total Births,8152
2011,San Mateo,Older Mothers (35 years old or older),2480
2011,San Mateo,Teen Mothers (15 years old to 19 years old),248
2011,San Mateo,Typical Aged Mothers (20 years old to 34 years old),5423
2011,Santa Barbara,Total Births,5631
2011,Santa Barbara,Older Mothers (35 years old or older),874
2011,Santa Barbara,Teen Mothers (15 years old to 19 years old),554
2011,Santa Barbara,Typical Aged Mothers (20 years old to 34 years old),4197
2011,Santa Clara,Total Births,23680
2011,Santa Clara,Older Mothers (35 years old or older),5648
2011,Santa Clara,Teen Mothers (15 years old to 19 years old),1137
2011,Santa Clara,Typical Aged Mothers (20 years old to 34 years old),16884
2011,Santa Cruz,Total Births,3241
2011,Santa Cruz,Older Mothers (35 years old or older),671
2011,Santa Cruz,Teen Mothers (15 years old to 19 years old),265
2011,Santa Cruz,Typical Aged Mothers (20 years old to 34 years old),2301
2011,Shasta,Total Births,1981
2011,Shasta,Older Mothers (35 years old or older),188
2011,Shasta,Teen Mothers (15 years old to 19 years old),184
2011,Shasta,Typical Aged Mothers (20 years old to 34 years old),1608
2011,Siskiyou,Total Births,370
2011,Siskiyou,Older Mothers (35 years old or older),35
2011,Siskiyou,Teen Mothers (15 years old to 19 years old),28
2011,Siskiyou,Typical Aged Mothers (20 years old to 34 years old),307
2011,Solano,Total Births,4612
2011,Solano,Older Mothers (35 years old or older),739
2011,Solano,Teen Mothers (15 years old to 19 years old),338
2011,Solano,Typical Aged Mothers (20 years old to 34 years old),3533
2011,Sonoma,Total Births,4925
2011,Sonoma,Older Mothers (35 years old or older),928
2011,Sonoma,Teen Mothers (15 years old to 19 years old),304
2011,Sonoma,Typical Aged Mothers (20 years old to 34 years old),3688
2011,Stanislaus,Total Births,7619
2011,Stanislaus,Older Mothers (35 years old or older),891
2011,Stanislaus,Teen Mothers (15 years old to 19 years old),705
2011,Stanislaus,Typical Aged Mothers (20 years old to 34 years old),6017
2011,Sutter,Total Births,1296
2011,Sutter,Older Mothers (35 years old or older),154
2011,Sutter,Teen Mothers (15 years old to 19 years old),100
2011,Sutter,Typical Aged Mothers (20 years old to 34 years old),1042
2011,Tehama,Total Births,683
2011,Tehama,Older Mothers (35 years old or older),64
2011,Tehama,Teen Mothers (15 years old to 19 years old),64
2011,Tehama,Typical Aged Mothers (20 years old to 34 years old),555
2011,Tulare,Total Births,7847
2011,Tulare,Older Mothers (35 years old or older),895
2011,Tulare,Teen Mothers (15 years old to 19 years old),1016
2011,Tulare,Typical Aged Mothers (20 years old to 34 years old),5925
2011,Ventura,Total Births,10391
2011,Ventura,Older Mothers (35 years old or older),1881
2011,Ventura,Teen Mothers (15 years old to 19 years old),858
2011,Ventura,Typical Aged Mothers (20 years old to 34 years old),7646
2011,Yolo,Total Births,2307
2011,Yolo,Older Mothers (35 years old or older),408
2011,Yolo,Teen Mothers (15 years old to 19 years old),160
2011,Yolo,Typical Aged Mothers (20 years old to 34 years old),1738
2011,Yuba,Total Births,1238
2011,Yuba,Older Mothers (35 years old or older),109
2011,Yuba,Teen Mothers (15 years old to 19 years old),97
2011,Yuba,Typical Aged Mothers (20 years old to 34 years old),1030
2012,Alameda,Total Births,18942
2012,Alameda,Older Mothers (35 years old or older),4674
2012,Alameda,Teen Mothers (15 years old to 19 years old),818
2012,Alameda,Typical Aged Mothers (20 years old to 34 years old),13441
2012,Butte,Total Births,2338
2012,Butte,Older Mothers (35 years old or older),269
2012,Butte,Teen Mothers (15 years old to 19 years old),191
2012,Butte,Typical Aged Mothers (20 years old to 34 years old),1878
2012,Calaveras,Total Births,324
2012,Calaveras,Older Mothers (35 years old or older),38
2012,Calaveras,Teen Mothers (15 years old to 19 years old),24
2012,Calaveras,Typical Aged Mothers (20 years old to 34 years old),262
2012,Colusa,Total Births,310
2012,Colusa,Older Mothers (35 years old or older),36
2012,Colusa,Teen Mothers (15 years old to 19 years old),26
2012,Colusa,Typical Aged Mothers (20 years old to 34 years old),248
2012,Contra Costa,Total Births,11677
2012,Contra Costa,Older Mothers (35 years old or older),2639
2012,Contra Costa,Teen Mothers (15 years old to 19 years old),544
2012,Contra Costa,Typical Aged Mothers (20 years old to 34 years old),8483
2012,Del Norte,Total Births,287
2012,Del Norte,Older Mothers (35 years old or older),16
2012,Del Norte,Teen Mothers (15 years old to 19 years old),35
2012,Del Norte,Typical Aged Mothers (20 years old to 34 years old),235
2012,El Dorado,Total Births,1442
2012,El Dorado,Older Mothers (35 years old or older),262
2012,El Dorado,Teen Mothers (15 years old to 19 years old),73
2012,El Dorado,Typical Aged Mothers (20 years old to 34 years old),1106
2012,Fresno,Total Births,15755
2012,Fresno,Older Mothers (35 years old or older),1923
2012,Fresno,Teen Mothers (15 years old to 19 years old),1689
2012,Fresno,Typical Aged Mothers (20 years old to 34 years old),12124
2012,Glenn,Total Births,362
2012,Glenn,Older Mothers (35 years old or older),38
2012,Glenn,Teen Mothers (15 years old to 19 years old),38
2012,Glenn,Typical Aged Mothers (20 years old to 34 years old),286
2012,Humboldt,Total Births,1454
2012,Humboldt,Older Mothers (35 years old or older),191
2012,Humboldt,Teen Mothers (15 years old to 19 years old),97
2012,Humboldt,Typical Aged Mothers (20 years old to 34 years old),1165
2012,Imperial,Total Births,2951
2012,Imperial,Older Mothers (35 years old or older),337
2012,Imperial,Teen Mothers (15 years old to 19 years old),319
2012,Imperial,Typical Aged Mothers (20 years old to 34 years old),2290
2012,Inyo,Total Births,205
2012,Inyo,Older Mothers (35 years old or older),29
2012,Inyo,Teen Mothers (15 years old to 19 years old),17
2012,Inyo,Typical Aged Mothers (20 years old to 34 years old),159
2012,Kern,Total Births,14041
2012,Kern,Older Mothers (35 years old or older),1544
2012,Kern,Teen Mothers (15 years old to 19 years old),1662
2012,Kern,Typical Aged Mothers (20 years old to 34 years old),10818
2012,Kings,Total Births,1990
2012,Kings,Older Mothers (35 years old or older),224
2012,Kings,Teen Mothers (15 years old to 19 years old),204
2012,Kings,Typical Aged Mothers (20 years old to 34 years old),1559
2012,Lake,Total Births,702
2012,Lake,Older Mothers (35 years old or older),89
2012,Lake,Teen Mothers (15 years old to 19 years old),63
2012,Lake,Typical Aged Mothers (20 years old to 34 years old),550
2012,Lassen,Total Births,249
2012,Lassen,Older Mothers (35 years old or older),25
2012,Lassen,Teen Mothers (15 years old to 19 years old),27
2012,Lassen,Typical Aged Mothers (20 years old to 34 years old),197
2012,Los Angeles,Total Births,129520
2012,Los Angeles,Older Mothers (35 years old or older),27182
2012,Los Angeles,Teen Mothers (15 years old to 19 years old),9151
2012,Los Angeles,Typical Aged Mothers (20 years old to 34 years old),93086
2012,Madera,Total Births,2257
2012,Madera,Older Mothers (35 years old or older),258
2012,Madera,Teen Mothers (15 years old to 19 years old),260
2012,Madera,Typical Aged Mothers (20 years old to 34 years old),1734
2012,Marin,Total Births,2195
2012,Marin,Older Mothers (35 years old or older),851
2012,Marin,Teen Mothers (15 years old to 19 years old),52
2012,Marin,Typical Aged Mothers (20 years old to 34 years old),1292
2012,Mendocino,Total Births,1075
2012,Mendocino,Older Mothers (35 years old or older),166
2012,Mendocino,Teen Mothers (15 years old to 19 years old),98
2012,Mendocino,Typical Aged Mothers (20 years old to 34 years old),810
2012,Merced,Total Births,4213
2012,Merced,Older Mothers (35 years old or older),481
2012,Merced,Teen Mothers (15 years old to 19 years old),456
2012,Merced,Typical Aged Mothers (20 years old to 34 years old),3276
2012,Monterey,Total Births,6387
2012,Monterey,Older Mothers (35 years old or older),973
2012,Monterey,Teen Mothers (15 years old to 19 years old),603
2012,Monterey,Typical Aged Mothers (20 years old to 34 years old),4805
2012,Napa,Total Births,1398
2012,Napa,Older Mothers (35 years old or older),290
2012,Napa,Teen Mothers (15 years old to 19 years old),103
2012,Napa,Typical Aged Mothers (20 years old to 34 years old),1005
2012,Nevada,Total Births,705
2012,Nevada,Older Mothers (35 years old or older),120
2012,Nevada,Teen Mothers (15 years old to 19 years old),39
2012,Nevada,Typical Aged Mothers (20 years old to 34 years old),546
2012,Orange,Total Births,37274
2012,Orange,Older Mothers (35 years old or older),8295
2012,Orange,Teen Mothers (15 years old to 19 years old),2080
2012,Orange,Typical Aged Mothers (20 years old to 34 years old),26873
2012,Placer,Total Births,3555
2012,Placer,Older Mothers (35 years old or older),666
2012,Placer,Teen Mothers (15 years old to 19 years old),124
2012,Placer,Typical Aged Mothers (20 years old to 34 years old),2763
2012,Riverside,Total Births,28805
2012,Riverside,Older Mothers (35 years old or older),4030
2012,Riverside,Teen Mothers (15 years old to 19 years old),2450
2012,Riverside,Typical Aged Mothers (20 years old to 34 years old),22304
2012,Sacramento,Total Births,19093
2012,Sacramento,Older Mothers (35 years old or older),3108
2012,Sacramento,Teen Mothers (15 years old to 19 years old),1307
2012,Sacramento,Typical Aged Mothers (20 years old to 34 years old),14668
2012,San Benito,Total Births,673
2012,San Benito,Older Mothers (35 years old or older),108
2012,San Benito,Teen Mothers (15 years old to 19 years old),49
2012,San Benito,Typical Aged Mothers (20 years old to 34 years old),514
2012,San Bernardino,Total Births,28920
2012,San Bernardino,Older Mothers (35 years old or older),3834
2012,San Bernardino,Teen Mothers (15 years old to 19 years old),2761
2012,San Bernardino,Typical Aged Mothers (20 years old to 34 years old),22293
2012,San Diego,Total Births,38420
2012,San Diego,Older Mothers (35 years old or older),7624
2012,San Diego,Teen Mothers (15 years old to 19 years old),2366
2012,San Diego,Typical Aged Mothers (20 years old to 34 years old),28411
2012,San Francisco,Total Births,8818
2012,San Francisco,Older Mothers (35 years old or older),3206
2012,San Francisco,Teen Mothers (15 years old to 19 years old),203
2012,San Francisco,Typical Aged Mothers (20 years old to 34 years old),5408
2012,San Joaquin,Total Births,9964
2012,San Joaquin,Older Mothers (35 years old or older),1379
2012,San Joaquin,Teen Mothers (15 years old to 19 years old),857
2012,San Joaquin,Typical Aged Mothers (20 years old to 34 years old),7718
2012,San Luis Obispo,Total Births,2459
2012,San Luis Obispo,Older Mothers (35 years old or older),382
2012,San Luis Obispo,Teen Mothers (15 years old to 19 years old),149
2012,San Luis Obispo,Typical Aged Mothers (20 years old to 34 years old),1925
2012,San Mateo,Total Births,8327
2012,San Mateo,Older Mothers (35 years old or older),2578
2012,San Mateo,Teen Mothers (15 years old to 19 years old),222
2012,San Mateo,Typical Aged Mothers (20 years old to 34 years old),5527
2012,Santa Barbara,Total Births,5486
2012,Santa Barbara,Older Mothers (35 years old or older),915
2012,Santa Barbara,Teen Mothers (15 years old to 19 years old),466
2012,Santa Barbara,Typical Aged Mothers (20 years old to 34 years old),4094
2012,Santa Clara,Total Births,24417
2012,Santa Clara,Older Mothers (35 years old or older),6044
2012,Santa Clara,Teen Mothers (15 years old to 19 years old),1024
2012,Santa Clara,Typical Aged Mothers (20 years old to 34 years old),17342
2012,Santa Cruz,Total Births,3120
2012,Santa Cruz,Older Mothers (35 years old or older),624
2012,Santa Cruz,Teen Mothers (15 years old to 19 years old),237
2012,Santa Cruz,Typical Aged Mothers (20 years old to 34 years old),2256
2012,Shasta,Total Births,2023
2012,Shasta,Older Mothers (35 years old or older),217
2012,Shasta,Teen Mothers (15 years old to 19 years old),151
2012,Shasta,Typical Aged Mothers (20 years old to 34 years old),1653
2012,Siskiyou,Total Births,403
2012,Siskiyou,Older Mothers (35 years old or older),28
2012,Siskiyou,Teen Mothers (15 years old to 19 years old),38
2012,Siskiyou,Typical Aged Mothers (20 years old to 34 years old),337
2012,Solano,Total Births,4521
2012,Solano,Older Mothers (35 years old or older),735
2012,Solano,Teen Mothers (15 years old to 19 years old),315
2012,Solano,Typical Aged Mothers (20 years old to 34 years old),3470
2012,Sonoma,Total Births,4834
2012,Sonoma,Older Mothers (35 years old or older),936
2012,Sonoma,Teen Mothers (15 years old to 19 years old),255
2012,Sonoma,Typical Aged Mothers (20 years old to 34 years old),3640
2012,Stanislaus,Total Births,7456
2012,Stanislaus,Older Mothers (35 years old or older),877
2012,Stanislaus,Teen Mothers (15 years old to 19 years old),692
2012,Stanislaus,Typical Aged Mothers (20 years old to 34 years old),5876
2012,Sutter,Total Births,1246
2012,Sutter,Older Mothers (35 years old or older),148
2012,Sutter,Teen Mothers (15 years old to 19 years old),96
2012,Sutter,Typical Aged Mothers (20 years old to 34 years old),1000
2012,Tehama,Total Births,727
2012,Tehama,Older Mothers (35 years old or older),78
2012,Tehama,Teen Mothers (15 years old to 19 years old),74
2012,Tehama,Typical Aged Mothers (20 years old to 34 years old),575
2012,Tulare,Total Births,7873
2012,Tulare,Older Mothers (35 years old or older),928
2012,Tulare,Teen Mothers (15 years old to 19 years old),934
2012,Tulare,Typical Aged Mothers (20 years old to 34 years old),6003
2012,Ventura,Total Births,10344
2012,Ventura,Older Mothers (35 years old or older),1908
2012,Ventura,Teen Mothers (15 years old to 19 years old),718
2012,Ventura,Typical Aged Mothers (20 years old to 34 years old),7712
2012,Yolo,Total Births,2417
2012,Yolo,Older Mothers (35 years old or older),432
2012,Yolo,Teen Mothers (15 years old to 19 years old),146
2012,Yolo,Typical Aged Mothers (20 years old to 34 years old),1837
2012,Yuba,Total Births,1185
2012,Yuba,Older Mothers (35 years old or older),118
2012,Yuba,Teen Mothers (15 years old to 19 years old),88
2012,Yuba,Typical Aged Mothers (20 years old to 34 years old),979
2013,Alameda,Total Births,18618
2013,Alameda,Older Mothers (35 years old or older),4774
2013,Alameda,Teen Mothers (15 years old to 19 years old),675
2013,Alameda,Typical Aged Mothers (20 years old to 34 years old),13162
2013,Butte,Total Births,2316
2013,Butte,Older Mothers (35 years old or older),296
2013,Butte,Teen Mothers (15 years old to 19 years old),149
2013,Butte,Typical Aged Mothers (20 years old to 34 years old),1869
2013,Calaveras,Total Births,318
2013,Calaveras,Older Mothers (35 years old or older),47
2013,Calaveras,Teen Mothers (15 years old to 19 years old),11
2013,Calaveras,Typical Aged Mothers (20 years old to 34 years old),260
2013,Colusa,Total Births,303
2013,Colusa,Older Mothers (35 years old or older),42
2013,Colusa,Teen Mothers (15 years old to 19 years old),26
2013,Colusa,Typical Aged Mothers (20 years old to 34 years old),235
2013,Contra Costa,Total Births,11760
2013,Contra Costa,Older Mothers (35 years old or older),2811
2013,Contra Costa,Teen Mothers (15 years old to 19 years old),479
2013,Contra Costa,Typical Aged Mothers (20 years old to 34 years old),8463
2013,Del Norte,Total Births,296
2013,Del Norte,Older Mothers (35 years old or older),21
2013,Del Norte,Teen Mothers (15 years old to 19 years old),37
2013,Del Norte,Typical Aged Mothers (20 years old to 34 years old),237
2013,El Dorado,Total Births,1433
2013,El Dorado,Older Mothers (35 years old or older),261
2013,El Dorado,Teen Mothers (15 years old to 19 years old),63
2013,El Dorado,Typical Aged Mothers (20 years old to 34 years old),1108
2013,Fresno,Total Births,15440
2013,Fresno,Older Mothers (35 years old or older),2039
2013,Fresno,Teen Mothers (15 years old to 19 years old),1477
2013,Fresno,Typical Aged Mothers (20 years old to 34 years old),11900
2013,Glenn,Total Births,380
2013,Glenn,Older Mothers (35 years old or older),38
2013,Glenn,Teen Mothers (15 years old to 19 years old),36
2013,Glenn,Typical Aged Mothers (20 years old to 34 years old),306
2013,Humboldt,Total Births,1450
2013,Humboldt,Older Mothers (35 years old or older),219
2013,Humboldt,Teen Mothers (15 years old to 19 years old),94
2013,Humboldt,Typical Aged Mothers (20 years old to 34 years old),1136
2013,Imperial,Total Births,2909
2013,Imperial,Older Mothers (35 years old or older),318
2013,Imperial,Teen Mothers (15 years old to 19 years old),295
2013,Imperial,Typical Aged Mothers (20 years old to 34 years old),2292
2013,Inyo,Total Births,227
2013,Inyo,Older Mothers (35 years old or older),24
2013,Inyo,Teen Mothers (15 years old to 19 years old),18
2013,Inyo,Typical Aged Mothers (20 years old to 34 years old),184
2013,Kern,Total Births,13871
2013,Kern,Older Mothers (35 years old or older),1551
2013,Kern,Teen Mothers (15 years old to 19 years old),1526
2013,Kern,Typical Aged Mothers (20 years old to 34 years old),10775
2013,Kings,Total Births,1987
2013,Kings,Older Mothers (35 years old or older),208
2013,Kings,Teen Mothers (15 years old to 19 years old),200
2013,Kings,Typical Aged Mothers (20 years old to 34 years old),1577
2013,Lake,Total Births,713
2013,Lake,Older Mothers (35 years old or older),74
2013,Lake,Teen Mothers (15 years old to 19 years old),70
2013,Lake,Typical Aged Mothers (20 years old to 34 years old),569
2013,Lassen,Total Births,253
2013,Lassen,Older Mothers (35 years old or older),20
2013,Lassen,Teen Mothers (15 years old to 19 years old),23
2013,Lassen,Typical Aged Mothers (20 years old to 34 years old),210
2013,Los Angeles,Total Births,125670
2013,Los Angeles,Older Mothers (35 years old or older),27105
2013,Los Angeles,Teen Mothers (15 years old to 19 years old),8026
2013,Los Angeles,Typical Aged Mothers (20 years old to 34 years old),90448
2013,Madera,Total Births,2268
2013,Madera,Older Mothers (35 years old or older),295
2013,Madera,Teen Mothers (15 years old to 19 years old),229
2013,Madera,Typical Aged Mothers (20 years old to 34 years old),1742
2013,Marin,Total Births,2209
2013,Marin,Older Mothers (35 years old or older),878
2013,Marin,Teen Mothers (15 years old to 19 years old),43
2013,Marin,Typical Aged Mothers (20 years old to 34 years old),1288
2013,Mendocino,Total Births,967
2013,Mendocino,Older Mothers (35 years old or older),151
2013,Mendocino,Teen Mothers (15 years old to 19 years old),83
2013,Mendocino,Typical Aged Mothers (20 years old to 34 years old),731
2013,Merced,Total Births,3624
2013,Merced,Older Mothers (35 years old or older),430
2013,Merced,Teen Mothers (15 years old to 19 years old),350
2013,Merced,Typical Aged Mothers (20 years old to 34 years old),2843
2013,Monterey,Total Births,6279
2013,Monterey,Older Mothers (35 years old or older),968
2013,Monterey,Teen Mothers (15 years old to 19 years old),498
2013,Monterey,Typical Aged Mothers (20 years old to 34 years old),4804
2013,Napa,Total Births,1380
2013,Napa,Older Mothers (35 years old or older),295
2013,Napa,Teen Mothers (15 years old to 19 years old),81
2013,Napa,Typical Aged Mothers (20 years old to 34 years old),1003
2013,Nevada,Total Births,716
2013,Nevada,Older Mothers (35 years old or older),122
2013,Nevada,Teen Mothers (15 years old to 19 years old),37
2013,Nevada,Typical Aged Mothers (20 years old to 34 years old),556
2013,Orange,Total Births,36271
2013,Orange,Older Mothers (35 years old or older),8295
2013,Orange,Teen Mothers (15 years old to 19 years old),1777
2013,Orange,Typical Aged Mothers (20 years old to 34 years old),26183
2013,Placer,Total Births,3521
2013,Placer,Older Mothers (35 years old or older),701
2013,Placer,Teen Mothers (15 years old to 19 years old),113
2013,Placer,Typical Aged Mothers (20 years old to 34 years old),2707
2013,Riverside,Total Births,28894
2013,Riverside,Older Mothers (35 years old or older),4210
2013,Riverside,Teen Mothers (15 years old to 19 years old),2129
2013,Riverside,Typical Aged Mothers (20 years old to 34 years old),22540
2013,Sacramento,Total Births,18841
2013,Sacramento,Older Mothers (35 years old or older),2991
2013,Sacramento,Teen Mothers (15 years old to 19 years old),1094
2013,Sacramento,Typical Aged Mothers (20 years old to 34 years old),14742
2013,San Benito,Total Births,714
2013,San Benito,Older Mothers (35 years old or older),115
2013,San Benito,Teen Mothers (15 years old to 19 years old),51
2013,San Benito,Typical Aged Mothers (20 years old to 34 years old),547
2013,San Bernardino,Total Births,28419
2013,San Bernardino,Older Mothers (35 years old or older),3936
2013,San Bernardino,Teen Mothers (15 years old to 19 years old),2371
2013,San Bernardino,Typical Aged Mothers (20 years old to 34 years old),22098
2013,San Diego,Total Births,37539
2013,San Diego,Older Mothers (35 years old or older),7609
2013,San Diego,Teen Mothers (15 years old to 19 years old),2047
2013,San Diego,Typical Aged Mothers (20 years old to 34 years old),27865
2013,San Francisco,Total Births,8548
2013,San Francisco,Older Mothers (35 years old or older),3229
2013,San Francisco,Teen Mothers (15 years old to 19 years old),152
2013,San Francisco,Typical Aged Mothers (20 years old to 34 years old),5164
2013,San Joaquin,Total Births,9603
2013,San Joaquin,Older Mothers (35 years old or older),1363
2013,San Joaquin,Teen Mothers (15 years old to 19 years old),764
2013,San Joaquin,Typical Aged Mothers (20 years old to 34 years old),7469
2013,San Luis Obispo,Total Births,2560
2013,San Luis Obispo,Older Mothers (35 years old or older),434
2013,San Luis Obispo,Teen Mothers (15 years old to 19 years old),135
2013,San Luis Obispo,Typical Aged Mothers (20 years old to 34 years old),1990
2013,San Mateo,Total Births,8044
2013,San Mateo,Older Mothers (35 years old or older),2569
2013,San Mateo,Teen Mothers (15 years old to 19 years old),193
2013,San Mateo,Typical Aged Mothers (20 years old to 34 years old),5282
2013,Santa Barbara,Total Births,5551
2013,Santa Barbara,Older Mothers (35 years old or older),840
2013,Santa Barbara,Teen Mothers (15 years old to 19 years old),439
2013,Santa Barbara,Typical Aged Mothers (20 years old to 34 years old),4269
2013,Santa Clara,Total Births,23331
2013,Santa Clara,Older Mothers (35 years old or older),5986
2013,Santa Clara,Teen Mothers (15 years old to 19 years old),840
2013,Santa Clara,Typical Aged Mothers (20 years old to 34 years old),16496
2013,Santa Cruz,Total Births,2923
2013,Santa Cruz,Older Mothers (35 years old or older),662
2013,Santa Cruz,Teen Mothers (15 years old to 19 years old),199
2013,Santa Cruz,Typical Aged Mothers (20 years old to 34 years old),2060
2013,Shasta,Total Births,2034
2013,Shasta,Older Mothers (35 years old or older),198
2013,Shasta,Teen Mothers (15 years old to 19 years old),150
2013,Shasta,Typical Aged Mothers (20 years old to 34 years old),1685
2013,Siskiyou,Total Births,354
2013,Siskiyou,Older Mothers (35 years old or older),39
2013,Siskiyou,Teen Mothers (15 years old to 19 years old),23
2013,Siskiyou,Typical Aged Mothers (20 years old to 34 years old),292
2013,Solano,Total Births,4701
2013,Solano,Older Mothers (35 years old or older),820
2013,Solano,Teen Mothers (15 years old to 19 years old),277
2013,Solano,Typical Aged Mothers (20 years old to 34 years old),3603
2013,Sonoma,Total Births,4729
2013,Sonoma,Older Mothers (35 years old or older),973
2013,Sonoma,Teen Mothers (15 years old to 19 years old),207
2013,Sonoma,Typical Aged Mothers (20 years old to 34 years old),3546
2013,Stanislaus,Total Births,7419
2013,Stanislaus,Older Mothers (35 years old or older),926
2013,Stanislaus,Teen Mothers (15 years old to 19 years old),583
2013,Stanislaus,Typical Aged Mothers (20 years old to 34 years old),5898
2013,Sutter,Total Births,1248
2013,Sutter,Older Mothers (35 years old or older),159
2013,Sutter,Teen Mothers (15 years old to 19 years old),71
2013,Sutter,Typical Aged Mothers (20 years old to 34 years old),1017
2013,Tehama,Total Births,683
2013,Tehama,Older Mothers (35 years old or older),58
2013,Tehama,Teen Mothers (15 years old to 19 years old),74
2013,Tehama,Typical Aged Mothers (20 years old to 34 years old),550
2013,Tulare,Total Births,7514
2013,Tulare,Older Mothers (35 years old or older),888
2013,Tulare,Teen Mothers (15 years old to 19 years old),824
2013,Tulare,Typical Aged Mothers (20 years old to 34 years old),5794
2013,Ventura,Total Births,10178
2013,Ventura,Older Mothers (35 years old or older),1943
2013,Ventura,Teen Mothers (15 years old to 19 years old),655
2013,Ventura,Typical Aged Mothers (20 years old to 34 years old),7575
2013,Yolo,Total Births,2417
2013,Yolo,Older Mothers (35 years old or older),466
2013,Yolo,Teen Mothers (15 years old to 19 years old),117
2013,Yolo,Typical Aged Mothers (20 years old to 34 years old),1833
2013,Yuba,Total Births,1155
2013,Yuba,Older Mothers (35 years old or older),115
2013,Yuba,Teen Mothers (15 years old to 19 years old),78
2013,Yuba,Typical Aged Mothers (20 years old to 34 years old),962
2014,Alameda,Total Births,19005
2014,Alameda,Older Mothers (35 years old or older),4942
2014,Alameda,Teen Mothers (15 years old to 19 years old),570
2014,Alameda,Typical Aged Mothers (20 years old to 34 years old),13490
2014,Butte,Total Births,2392
2014,Butte,Older Mothers (35 years old or older),270
2014,Butte,Teen Mothers (15 years old to 19 years old),152
2014,Butte,Typical Aged Mothers (20 years old to 34 years old),1966
2014,Calaveras,Total Births,335
2014,Calaveras,Older Mothers (35 years old or older),38
2014,Calaveras,Teen Mothers (15 years old to 19 years old),15
2014,Calaveras,Typical Aged Mothers (20 years old to 34 years old),282
2014,Colusa,Total Births,286
2014,Colusa,Older Mothers (35 years old or older),35
2014,Colusa,Teen Mothers (15 years old to 19 years old),24
2014,Colusa,Typical Aged Mothers (20 years old to 34 years old),226
2014,Contra Costa,Total Births,12144
2014,Contra Costa,Older Mothers (35 years old or older),2973
2014,Contra Costa,Teen Mothers (15 years old to 19 years old),421
2014,Contra Costa,Typical Aged Mothers (20 years old to 34 years old),8744
2014,Del Norte,Total Births,298
2014,Del Norte,Older Mothers (35 years old or older),29
2014,Del Norte,Teen Mothers (15 years old to 19 years old),31
2014,Del Norte,Typical Aged Mothers (20 years old to 34 years old),238
2014,El Dorado,Total Births,1518
2014,El Dorado,Older Mothers (35 years old or older),285
2014,El Dorado,Teen Mothers (15 years old to 19 years old),64
2014,El Dorado,Typical Aged Mothers (20 years old to 34 years old),1169
2014,Fresno,Total Births,15522
2014,Fresno,Older Mothers (35 years old or older),2052
2014,Fresno,Teen Mothers (15 years old to 19 years old),1283
2014,Fresno,Typical Aged Mothers (20 years old to 34 years old),12178
2014,Glenn,Total Births,404
2014,Glenn,Older Mothers (35 years old or older),50
2014,Glenn,Teen Mothers (15 years old to 19 years old),25
2014,Glenn,Typical Aged Mothers (20 years old to 34 years old),329
2014,Humboldt,Total Births,1378
2014,Humboldt,Older Mothers (35 years old or older),213
2014,Humboldt,Teen Mothers (15 years old to 19 years old),81
2014,Humboldt,Typical Aged Mothers (20 years old to 34 years old),1084
2014,Imperial,Total Births,2882
2014,Imperial,Older Mothers (35 years old or older),325
2014,Imperial,Teen Mothers (15 years old to 19 years old),275
2014,Imperial,Typical Aged Mothers (20 years old to 34 years old),2280
2014,Inyo,Total Births,216
2014,Inyo,Older Mothers (35 years old or older),37
2014,Inyo,Teen Mothers (15 years old to 19 years old),18
2014,Inyo,Typical Aged Mothers (20 years old to 34 years old),161
2014,Kern,Total Births,13904
2014,Kern,Older Mothers (35 years old or older),1588
2014,Kern,Teen Mothers (15 years old to 19 years old),1362
2014,Kern,Typical Aged Mothers (20 years old to 34 years old),10936
2014,Kings,Total Births,2128
2014,Kings,Older Mothers (35 years old or older),232
2014,Kings,Teen Mothers (15 years old to 19 years old),177
2014,Kings,Typical Aged Mothers (20 years old to 34 years old),1716
2014,Lake,Total Births,677
2014,Lake,Older Mothers (35 years old or older),76
2014,Lake,Teen Mothers (15 years old to 19 years old),65
2014,Lake,Typical Aged Mothers (20 years old to 34 years old),536
2014,Lassen,Total Births,265
2014,Lassen,Older Mothers (35 years old or older),28
2014,Lassen,Teen Mothers (15 years old to 19 years old),15
2014,Lassen,Typical Aged Mothers (20 years old to 34 years old),222
2014,Los Angeles,Total Births,127150
2014,Los Angeles,Older Mothers (35 years old or older),28611
2014,Los Angeles,Teen Mothers (15 years old to 19 years old),6917
2014,Los Angeles,Typical Aged Mothers (20 years old to 34 years old),91560
2014,Madera,Total Births,2253
2014,Madera,Older Mothers (35 years old or older),294
2014,Madera,Teen Mothers (15 years old to 19 years old),241
2014,Madera,Typical Aged Mothers (20 years old to 34 years old),1717
2014,Marin,Total Births,2302
2014,Marin,Older Mothers (35 years old or older),931
2014,Marin,Teen Mothers (15 years old to 19 years old),56
2014,Marin,Typical Aged Mothers (20 years old to 34 years old),1313
2014,Mendocino,Total Births,970
2014,Mendocino,Older Mothers (35 years old or older),148
2014,Mendocino,Teen Mothers (15 years old to 19 years old),75
2014,Mendocino,Typical Aged Mothers (20 years old to 34 years old),747
2014,Merced,Total Births,3454
2014,Merced,Older Mothers (35 years old or older),459
2014,Merced,Teen Mothers (15 years old to 19 years old),310
2014,Merced,Typical Aged Mothers (20 years old to 34 years old),2682
2014,Monterey,Total Births,6178
2014,Monterey,Older Mothers (35 years old or older),978
2014,Monterey,Teen Mothers (15 years old to 19 years old),453
2014,Monterey,Typical Aged Mothers (20 years old to 34 years old),4743
2014,Napa,Total Births,1451
2014,Napa,Older Mothers (35 years old or older),309
2014,Napa,Teen Mothers (15 years old to 19 years old),61
2014,Napa,Typical Aged Mothers (20 years old to 34 years old),1080
2014,Nevada,Total Births,671
2014,Nevada,Older Mothers (35 years old or older),129
2014,Nevada,Teen Mothers (15 years old to 19 years old),29
2014,Nevada,Typical Aged Mothers (20 years old to 34 years old),512
2014,Orange,Total Births,37539
2014,Orange,Older Mothers (35 years old or older),9009
2014,Orange,Teen Mothers (15 years old to 19 years old),1546
2014,Orange,Typical Aged Mothers (20 years old to 34 years old),26973
2014,Placer,Total Births,3463
2014,Placer,Older Mothers (35 years old or older),780
2014,Placer,Teen Mothers (15 years old to 19 years old),81
2014,Placer,Typical Aged Mothers (20 years old to 34 years old),2600
2014,Riverside,Total Births,29496
2014,Riverside,Older Mothers (35 years old or older),4497
2014,Riverside,Teen Mothers (15 years old to 19 years old),1888
2014,Riverside,Typical Aged Mothers (20 years old to 34 years old),23098
2014,Sacramento,Total Births,18924
2014,Sacramento,Older Mothers (35 years old or older),3165
2014,Sacramento,Teen Mothers (15 years old to 19 years old),943
2014,Sacramento,Typical Aged Mothers (20 years old to 34 years old),14805
2014,San Benito,Total Births,674
2014,San Benito,Older Mothers (35 years old or older),115
2014,San Benito,Teen Mothers (15 years old to 19 years old),48
2014,San Benito,Typical Aged Mothers (20 years old to 34 years old),511
2014,San Bernardino,Total Births,29599
2014,San Bernardino,Older Mothers (35 years old or older),4230
2014,San Bernardino,Teen Mothers (15 years old to 19 years old),2190
2014,San Bernardino,Typical Aged Mothers (20 years old to 34 years old),23167
2014,San Diego,Total Births,38323
2014,San Diego,Older Mothers (35 years old or older),7916
2014,San Diego,Teen Mothers (15 years old to 19 years old),1769
2014,San Diego,Typical Aged Mothers (20 years old to 34 years old),28621
2014,San Francisco,Total Births,8816
2014,San Francisco,Older Mothers (35 years old or older),3261
2014,San Francisco,Teen Mothers (15 years old to 19 years old),148
2014,San Francisco,Typical Aged Mothers (20 years old to 34 years old),5404
2014,San Joaquin,Total Births,9885
2014,San Joaquin,Older Mothers (35 years old or older),1468
2014,San Joaquin,Teen Mothers (15 years old to 19 years old),667
2014,San Joaquin,Typical Aged Mothers (20 years old to 34 years old),7748
2014,San Luis Obispo,Total Births,2501
2014,San Luis Obispo,Older Mothers (35 years old or older),450
2014,San Luis Obispo,Teen Mothers (15 years old to 19 years old),132
2014,San Luis Obispo,Typical Aged Mothers (20 years old to 34 years old),1919
2014,San Mateo,Total Births,8324
2014,San Mateo,Older Mothers (35 years old or older),2652
2014,San Mateo,Teen Mothers (15 years old to 19 years old),175
2014,San Mateo,Typical Aged Mothers (20 years old to 34 years old),5496
2014,Santa Barbara,Total Births,5646
2014,Santa Barbara,Older Mothers (35 years old or older),944
2014,Santa Barbara,Teen Mothers (15 years old to 19 years old),391
2014,Santa Barbara,Typical Aged Mothers (20 years old to 34 years old),4308
2014,Santa Clara,Total Births,23683
2014,Santa Clara,Older Mothers (35 years old or older),6218
2014,Santa Clara,Teen Mothers (15 years old to 19 years old),741
2014,Santa Clara,Typical Aged Mothers (20 years old to 34 years old),16718
2014,Santa Cruz,Total Births,3128
2014,Santa Cruz,Older Mothers (35 years old or older),723
2014,Santa Cruz,Teen Mothers (15 years old to 19 years old),179
2014,Santa Cruz,Typical Aged Mothers (20 years old to 34 years old),2224
2014,Shasta,Total Births,2012
2014,Shasta,Older Mothers (35 years old or older),225
2014,Shasta,Teen Mothers (15 years old to 19 years old),129
2014,Shasta,Typical Aged Mothers (20 years old to 34 years old),1658
2014,Siskiyou,Total Births,328
2014,Siskiyou,Older Mothers (35 years old or older),39
2014,Siskiyou,Teen Mothers (15 years old to 19 years old),23
2014,Siskiyou,Typical Aged Mothers (20 years old to 34 years old),266
2014,Solano,Total Births,4736
2014,Solano,Older Mothers (35 years old or older),772
2014,Solano,Teen Mothers (15 years old to 19 years old),261
2014,Solano,Typical Aged Mothers (20 years old to 34 years old),3699
2014,Sonoma,Total Births,4797
2014,Sonoma,Older Mothers (35 years old or older),995
2014,Sonoma,Teen Mothers (15 years old to 19 years old),192
2014,Sonoma,Typical Aged Mothers (20 years old to 34 years old),3608
2014,Stanislaus,Total Births,7403
2014,Stanislaus,Older Mothers (35 years old or older),976
2014,Stanislaus,Teen Mothers (15 years old to 19 years old),565
2014,Stanislaus,Typical Aged Mothers (20 years old to 34 years old),5860
2014,Sutter,Total Births,1286
2014,Sutter,Older Mothers (35 years old or older),145
2014,Sutter,Teen Mothers (15 years old to 19 years old),78
2014,Sutter,Typical Aged Mothers (20 years old to 34 years old),1063
2014,Tehama,Total Births,718
2014,Tehama,Older Mothers (35 years old or older),64
2014,Tehama,Teen Mothers (15 years old to 19 years old),70
2014,Tehama,Typical Aged Mothers (20 years old to 34 years old),584
2014,Tulare,Total Births,7504
2014,Tulare,Older Mothers (35 years old or older),900
2014,Tulare,Teen Mothers (15 years old to 19 years old),730
2014,Tulare,Typical Aged Mothers (20 years old to 34 years old),5864
2014,Ventura,Total Births,10062
2014,Ventura,Older Mothers (35 years old or older),1974
2014,Ventura,Teen Mothers (15 years old to 19 years old),565
2014,Ventura,Typical Aged Mothers (20 years old to 34 years old),7521
2014,Yolo,Total Births,2287
2014,Yolo,Older Mothers (35 years old or older),470
2014,Yolo,Teen Mothers (15 years old to 19 years old),105
2014,Yolo,Typical Aged Mothers (20 years old to 34 years old),1712
2014,Yuba,Total Births,1152
2014,Yuba,Older Mothers (35 years old or older),128
2014,Yuba,Teen Mothers (15 years old to 19 years old),73
2014,Yuba,Typical Aged Mothers (20 years old to 34 years old),951
2015,Alameda,Total Births,18648
2015,Alameda,Older Mothers (35 years old or older),4974
2015,Alameda,Teen Mothers (15 years old to 19 years old),508
2015,Alameda,Typical Aged Mothers (20 years old to 34 years old),13161
2015,Butte,Total Births,2367
2015,Butte,Older Mothers (35 years old or older),269
2015,Butte,Teen Mothers (15 years old to 19 years old),150
2015,Butte,Typical Aged Mothers (20 years old to 34 years old),1947
2015,Calaveras,Total Births,352
2015,Calaveras,Older Mothers (35 years old or older),45
2015,Calaveras,Teen Mothers (15 years old to 19 years old),17
2015,Calaveras,Typical Aged Mothers (20 years old to 34 years old),290
2015,Colusa,Total Births,292
2015,Colusa,Older Mothers (35 years old or older),36
2015,Colusa,Teen Mothers (15 years old to 19 years old),27
2015,Colusa,Typical Aged Mothers (20 years old to 34 years old),229
2015,Contra Costa,Total Births,12139
2015,Contra Costa,Older Mothers (35 years old or older),3100
2015,Contra Costa,Teen Mothers (15 years old to 19 years old),384
2015,Contra Costa,Typical Aged Mothers (20 years old to 34 years old),8651
2015,Del Norte,Total Births,273
2015,Del Norte,Older Mothers (35 years old or older),24
2015,Del Norte,Teen Mothers (15 years old to 19 years old),37
2015,Del Norte,Typical Aged Mothers (20 years old to 34 years old),211
2015,El Dorado,Total Births,1483
2015,El Dorado,Older Mothers (35 years old or older),296
2015,El Dorado,Teen Mothers (15 years old to 19 years old),46
2015,El Dorado,Typical Aged Mothers (20 years old to 34 years old),1140
2015,Fresno,Total Births,15138
2015,Fresno,Older Mothers (35 years old or older),2191
2015,Fresno,Teen Mothers (15 years old to 19 years old),1165
2015,Fresno,Typical Aged Mothers (20 years old to 34 years old),11772
2015,Glenn,Total Births,364
2015,Glenn,Older Mothers (35 years old or older),55
2015,Glenn,Teen Mothers (15 years old to 19 years old),27
2015,Glenn,Typical Aged Mothers (20 years old to 34 years old),282
2015,Humboldt,Total Births,1367
2015,Humboldt,Older Mothers (35 years old or older),237
2015,Humboldt,Teen Mothers (15 years old to 19 years old),64
2015,Humboldt,Typical Aged Mothers (20 years old to 34 years old),1066
2015,Imperial,Total Births,2955
2015,Imperial,Older Mothers (35 years old or older),353
2015,Imperial,Teen Mothers (15 years old to 19 years old),250
2015,Imperial,Typical Aged Mothers (20 years old to 34 years old),2349
2015,Inyo,Total Births,201
2015,Inyo,Older Mothers (35 years old or older),23
2015,Inyo,Teen Mothers (15 years old to 19 years old),15
2015,Inyo,Typical Aged Mothers (20 years old to 34 years old),163
2015,Kern,Total Births,13451
2015,Kern,Older Mothers (35 years old or older),1620
2015,Kern,Teen Mothers (15 years old to 19 years old),1189
2015,Kern,Typical Aged Mothers (20 years old to 34 years old),10627
2015,Kings,Total Births,2208
2015,Kings,Older Mothers (35 years old or older),267
2015,Kings,Teen Mothers (15 years old to 19 years old),190
2015,Kings,Typical Aged Mothers (20 years old to 34 years old),1751
2015,Lake,Total Births,687
2015,Lake,Older Mothers (35 years old or older),88
2015,Lake,Teen Mothers (15 years old to 19 years old),51
2015,Lake,Typical Aged Mothers (20 years old to 34 years old),548
2015,Lassen,Total Births,244
2015,Lassen,Older Mothers (35 years old or older),29
2015,Lassen,Teen Mothers (15 years old to 19 years old),18
2015,Lassen,Typical Aged Mothers (20 years old to 34 years old),196
2015,Los Angeles,Total Births,121182
2015,Los Angeles,Older Mothers (35 years old or older),28025
2015,Los Angeles,Teen Mothers (15 years old to 19 years old),5947
2015,Los Angeles,Typical Aged Mothers (20 years old to 34 years old),87156
2015,Madera,Total Births,2180
2015,Madera,Older Mothers (35 years old or older),315
2015,Madera,Teen Mothers (15 years old to 19 years old),196
2015,Madera,Typical Aged Mothers (20 years old to 34 years old),1667
2015,Marin,Total Births,2190
2015,Marin,Older Mothers (35 years old or older),820
2015,Marin,Teen Mothers (15 years old to 19 years old),43
2015,Marin,Typical Aged Mothers (20 years old to 34 years old),1327
2015,Mendocino,Total Births,983
2015,Mendocino,Older Mothers (35 years old or older),153
2015,Mendocino,Teen Mothers (15 years old to 19 years old),60
2015,Mendocino,Typical Aged Mothers (20 years old to 34 years old),770
2015,Merced,Total Births,4015
2015,Merced,Older Mothers (35 years old or older),564
2015,Merced,Teen Mothers (15 years old to 19 years old),325
2015,Merced,Typical Aged Mothers (20 years old to 34 years old),3122
2015,Monterey,Total Births,6076
2015,Monterey,Older Mothers (35 years old or older),989
2015,Monterey,Teen Mothers (15 years old to 19 years old),440
2015,Monterey,Typical Aged Mothers (20 years old to 34 years old),4642
2015,Napa,Total Births,1412
2015,Napa,Older Mothers (35 years old or older),321
2015,Napa,Teen Mothers (15 years old to 19 years old),65
2015,Napa,Typical Aged Mothers (20 years old to 34 years old),1025
2015,Nevada,Total Births,734
2015,Nevada,Older Mothers (35 years old or older),160
2015,Nevada,Teen Mothers (15 years old to 19 years old),29
2015,Nevada,Typical Aged Mothers (20 years old to 34 years old),545
2015,Orange,Total Births,36589
2015,Orange,Older Mothers (35 years old or older),9009
2015,Orange,Teen Mothers (15 years old to 19 years old),1367
2015,Orange,Typical Aged Mothers (20 years old to 34 years old),26196
2015,Placer,Total Births,3481
2015,Placer,Older Mothers (35 years old or older),778
2015,Placer,Teen Mothers (15 years old to 19 years old),92
2015,Placer,Typical Aged Mothers (20 years old to 34 years old),2610
2015,Riverside,Total Births,29542
2015,Riverside,Older Mothers (35 years old or older),4632
2015,Riverside,Teen Mothers (15 years old to 19 years old),1879
2015,Riverside,Typical Aged Mothers (20 years old to 34 years old),23013
2015,Sacramento,Total Births,18830
2015,Sacramento,Older Mothers (35 years old or older),3229
2015,Sacramento,Teen Mothers (15 years old to 19 years old),881
2015,Sacramento,Typical Aged Mothers (20 years old to 34 years old),14713
2015,San Benito,Total Births,699
2015,San Benito,Older Mothers (35 years old or older),126
2015,San Benito,Teen Mothers (15 years old to 19 years old),43
2015,San Benito,Typical Aged Mothers (20 years old to 34 years old),530
2015,San Bernardino,Total Births,28821
2015,San Bernardino,Older Mothers (35 years old or older),4273
2015,San Bernardino,Teen Mothers (15 years old to 19 years old),1964
2015,San Bernardino,Typical Aged Mothers (20 years old to 34 years old),22562
2015,San Diego,Total Births,38129
2015,San Diego,Older Mothers (35 years old or older),8278
2015,San Diego,Teen Mothers (15 years old to 19 years old),1596
2015,San Diego,Typical Aged Mothers (20 years old to 34 years old),28242
2015,San Francisco,Total Births,8692
2015,San Francisco,Older Mothers (35 years old or older),3320
2015,San Francisco,Teen Mothers (15 years old to 19 years old),131
2015,San Francisco,Typical Aged Mothers (20 years old to 34 years old),5241
2015,San Joaquin,Total Births,9796
2015,San Joaquin,Older Mothers (35 years old or older),1511
2015,San Joaquin,Teen Mothers (15 years old to 19 years old),603
2015,San Joaquin,Typical Aged Mothers (20 years old to 34 years old),7677
2015,San Luis Obispo,Total Births,2530
2015,San Luis Obispo,Older Mothers (35 years old or older),465
2015,San Luis Obispo,Teen Mothers (15 years old to 19 years old),123
2015,San Luis Obispo,Typical Aged Mothers (20 years old to 34 years old),1941
2015,San Mateo,Total Births,8241
2015,San Mateo,Older Mothers (35 years old or older),2718
2015,San Mateo,Teen Mothers (15 years old to 19 years old),162
2015,San Mateo,Typical Aged Mothers (20 years old to 34 years old),5356
2015,Santa Barbara,Total Births,5483
2015,Santa Barbara,Older Mothers (35 years old or older),1000
2015,Santa Barbara,Teen Mothers (15 years old to 19 years old),372
2015,Santa Barbara,Typical Aged Mothers (20 years old to 34 years old),4106
2015,Santa Clara,Total Births,23210
2015,Santa Clara,Older Mothers (35 years old or older),6143
2015,Santa Clara,Teen Mothers (15 years old to 19 years old),662
2015,Santa Clara,Typical Aged Mothers (20 years old to 34 years old),16400
2015,Santa Cruz,Total Births,2881
2015,Santa Cruz,Older Mothers (35 years old or older),694
2015,Santa Cruz,Teen Mothers (15 years old to 19 years old),152
2015,Santa Cruz,Typical Aged Mothers (20 years old to 34 years old),2035
2015,Shasta,Total Births,2011
2015,Shasta,Older Mothers (35 years old or older),253
2015,Shasta,Teen Mothers (15 years old to 19 years old),135
2015,Shasta,Typical Aged Mothers (20 years old to 34 years old),1622
2015,Siskiyou,Total Births,360
2015,Siskiyou,Older Mothers (35 years old or older),46
2015,Siskiyou,Teen Mothers (15 years old to 19 years old),22
2015,Siskiyou,Typical Aged Mothers (20 years old to 34 years old),292
2015,Solano,Total Births,4573
2015,Solano,Older Mothers (35 years old or older),811
2015,Solano,Teen Mothers (15 years old to 19 years old),198
2015,Solano,Typical Aged Mothers (20 years old to 34 years old),3563
2015,Sonoma,Total Births,4710
2015,Sonoma,Older Mothers (35 years old or older),1093
2015,Sonoma,Teen Mothers (15 years old to 19 years old),156
2015,Sonoma,Typical Aged Mothers (20 years old to 34 years old),3460
2015,Stanislaus,Total Births,7568
2015,Stanislaus,Older Mothers (35 years old or older),1059
2015,Stanislaus,Teen Mothers (15 years old to 19 years old),508
2015,Stanislaus,Typical Aged Mothers (20 years old to 34 years old),5996
2015,Sutter,Total Births,1245
2015,Sutter,Older Mothers (35 years old or older),175
2015,Sutter,Teen Mothers (15 years old to 19 years old),73
2015,Sutter,Typical Aged Mothers (20 years old to 34 years old),997
2015,Tehama,Total Births,755
2015,Tehama,Older Mothers (35 years old or older),86
2015,Tehama,Teen Mothers (15 years old to 19 years old),64
2015,Tehama,Typical Aged Mothers (20 years old to 34 years old),602
2015,Tulare,Total Births,7253
2015,Tulare,Older Mothers (35 years old or older),918
2015,Tulare,Teen Mothers (15 years old to 19 years old),624
2015,Tulare,Typical Aged Mothers (20 years old to 34 years old),5707
2015,Ventura,Total Births,9744
2015,Ventura,Older Mothers (35 years old or older),2037
2015,Ventura,Teen Mothers (15 years old to 19 years old),480
2015,Ventura,Typical Aged Mothers (20 years old to 34 years old),7224
2015,Yolo,Total Births,2309
2015,Yolo,Older Mothers (35 years old or older),465
2015,Yolo,Teen Mothers (15 years old to 19 years old),99
2015,Yolo,Typical Aged Mothers (20 years old to 34 years old),1745
2015,Yuba,Total Births,1099
2015,Yuba,Older Mothers (35 years old or older),129
2015,Yuba,Teen Mothers (15 years old to 19 years old),77
2015,Yuba,Typical Aged Mothers (20 years old to 34 years old),893
2016,Alameda,Total Births,18728
2016,Alameda,Older Mothers (35 years old or older),5183
2016,Alameda,Teen Mothers (15 years old to 19 years old),395
2016,Alameda,Typical Aged Mothers (20 years old to 34 years old),13147
2016,Butte,Total Births,2422
2016,Butte,Older Mothers (35 years old or older),357
2016,Butte,Teen Mothers (15 years old to 19 years old),115
2016,Butte,Typical Aged Mothers (20 years old to 34 years old),1948
2016,Calaveras,Total Births,353
2016,Calaveras,Older Mothers (35 years old or older),49
2016,Calaveras,Teen Mothers (15 years old to 19 years old),15
2016,Calaveras,Typical Aged Mothers (20 years old to 34 years old),289
2016,Colusa,Total Births,318
2016,Colusa,Older Mothers (35 years old or older),48
2016,Colusa,Teen Mothers (15 years old to 19 years old),17
2016,Colusa,Typical Aged Mothers (20 years old to 34 years old),253
2016,Contra Costa,Total Births,11930
2016,Contra Costa,Older Mothers (35 years old or older),3092
2016,Contra Costa,Teen Mothers (15 years old to 19 years old),337
2016,Contra Costa,Typical Aged Mothers (20 years old to 34 years old),8494
2016,Del Norte,Total Births,274
2016,Del Norte,Older Mothers (35 years old or older),25
2016,Del Norte,Teen Mothers (15 years old to 19 years old),25
2016,Del Norte,Typical Aged Mothers (20 years old to 34 years old),222
2016,El Dorado,Total Births,1508
2016,El Dorado,Older Mothers (35 years old or older),320
2016,El Dorado,Teen Mothers (15 years old to 19 years old),46
2016,El Dorado,Typical Aged Mothers (20 years old to 34 years old),1141
2016,Fresno,Total Births,14872
2016,Fresno,Older Mothers (35 years old or older),2109
2016,Fresno,Teen Mothers (15 years old to 19 years old),1089
2016,Fresno,Typical Aged Mothers (20 years old to 34 years old),11664
2016,Glenn,Total Births,376
2016,Glenn,Older Mothers (35 years old or older),55
2016,Glenn,Teen Mothers (15 years old to 19 years old),23
2016,Glenn,Typical Aged Mothers (20 years old to 34 years old),298
2016,Humboldt,Total Births,1374
2016,Humboldt,Older Mothers (35 years old or older),251
2016,Humboldt,Teen Mothers (15 years old to 19 years old),61
2016,Humboldt,Typical Aged Mothers (20 years old to 34 years old),1062
2016,Imperial,Total Births,2817
2016,Imperial,Older Mothers (35 years old or older),384
2016,Imperial,Teen Mothers (15 years old to 19 years old),194
2016,Imperial,Typical Aged Mothers (20 years old to 34 years old),2239
2016,Inyo,Total Births,180
2016,Inyo,Older Mothers (35 years old or older),31
2016,Inyo,Teen Mothers (15 years old to 19 years old),17
2016,Inyo,Typical Aged Mothers (20 years old to 34 years old),132
2016,Kern,Total Births,13365
2016,Kern,Older Mothers (35 years old or older),1699
2016,Kern,Teen Mothers (15 years old to 19 years old),1097
2016,Kern,Typical Aged Mothers (20 years old to 34 years old),10560
2016,Kings,Total Births,1865
2016,Kings,Older Mothers (35 years old or older),201
2016,Kings,Teen Mothers (15 years old to 19 years old),138
2016,Kings,Typical Aged Mothers (20 years old to 34 years old),1526
2016,Lake,Total Births,701
2016,Lake,Older Mothers (35 years old or older),84
2016,Lake,Teen Mothers (15 years old to 19 years old),46
2016,Lake,Typical Aged Mothers (20 years old to 34 years old),569
2016,Lassen,Total Births,253
2016,Lassen,Older Mothers (35 years old or older),31
2016,Lassen,Teen Mothers (15 years old to 19 years old),15
2016,Lassen,Typical Aged Mothers (20 years old to 34 years old),207
2016,Los Angeles,Total Births,119585
2016,Los Angeles,Older Mothers (35 years old or older),28416
2016,Los Angeles,Teen Mothers (15 years old to 19 years old),5221
2016,Los Angeles,Typical Aged Mothers (20 years old to 34 years old),85892
2016,Madera,Total Births,2278
2016,Madera,Older Mothers (35 years old or older),322
2016,Madera,Teen Mothers (15 years old to 19 years old),175
2016,Madera,Typical Aged Mothers (20 years old to 34 years old),1779
2016,Marin,Total Births,2157
2016,Marin,Older Mothers (35 years old or older),900
2016,Marin,Teen Mothers (15 years old to 19 years old),61
2016,Marin,Typical Aged Mothers (20 years old to 34 years old),1196
2016,Mendocino,Total Births,942
2016,Mendocino,Older Mothers (35 years old or older),163
2016,Mendocino,Teen Mothers (15 years old to 19 years old),56
2016,Mendocino,Typical Aged Mothers (20 years old to 34 years old),723
2016,Merced,Total Births,4026
2016,Merced,Older Mothers (35 years old or older),543
2016,Merced,Teen Mothers (15 years old to 19 years old),316
2016,Merced,Typical Aged Mothers (20 years old to 34 years old),3163
2016,Monterey,Total Births,5868
2016,Monterey,Older Mothers (35 years old or older),1056
2016,Monterey,Teen Mothers (15 years old to 19 years old),381
2016,Monterey,Typical Aged Mothers (20 years old to 34 years old),4427
2016,Napa,Total Births,1329
2016,Napa,Older Mothers (35 years old or older),345
2016,Napa,Teen Mothers (15 years old to 19 years old),52
2016,Napa,Typical Aged Mothers (20 years old to 34 years old),932
2016,Nevada,Total Births,659
2016,Nevada,Older Mothers (35 years old or older),140
2016,Nevada,Teen Mothers (15 years old to 19 years old),23
2016,Nevada,Typical Aged Mothers (20 years old to 34 years old),496
2016,Orange,Total Births,37113
2016,Orange,Older Mothers (35 years old or older),9674
2016,Orange,Teen Mothers (15 years old to 19 years old),1214
2016,Orange,Typical Aged Mothers (20 years old to 34 years old),26216
2016,Placer,Total Births,3603
2016,Placer,Older Mothers (35 years old or older),811
2016,Placer,Teen Mothers (15 years old to 19 years old),93
2016,Placer,Typical Aged Mothers (20 years old to 34 years old),2699
2016,Riverside,Total Births,29541
2016,Riverside,Older Mothers (35 years old or older),4791
2016,Riverside,Teen Mothers (15 years old to 19 years old),1554
2016,Riverside,Typical Aged Mothers (20 years old to 34 years old),23181
2016,Sacramento,Total Births,18961
2016,Sacramento,Older Mothers (35 years old or older),3479
2016,Sacramento,Teen Mothers (15 years old to 19 years old),756
2016,Sacramento,Typical Aged Mothers (20 years old to 34 years old),14722
2016,San Benito,Total Births,732
2016,San Benito,Older Mothers (35 years old or older),130
2016,San Benito,Teen Mothers (15 years old to 19 years old),31
2016,San Benito,Typical Aged Mothers (20 years old to 34 years old),570
2016,San Bernardino,Total Births,29444
2016,San Bernardino,Older Mothers (35 years old or older),4594
2016,San Bernardino,Teen Mothers (15 years old to 19 years old),1760
2016,San Bernardino,Typical Aged Mothers (20 years old to 34 years old),23072
2016,San Diego,Total Births,36954
2016,San Diego,Older Mothers (35 years old or older),8309
2016,San Diego,Teen Mothers (15 years old to 19 years old),1336
2016,San Diego,Typical Aged Mothers (20 years old to 34 years old),27301
2016,San Francisco,Total Births,8651
2016,San Francisco,Older Mothers (35 years old or older),3392
2016,San Francisco,Teen Mothers (15 years old to 19 years old),119
2016,San Francisco,Typical Aged Mothers (20 years old to 34 years old),5139
2016,San Joaquin,Total Births,10072
2016,San Joaquin,Older Mothers (35 years old or older),1624
2016,San Joaquin,Teen Mothers (15 years old to 19 years old),566
2016,San Joaquin,Typical Aged Mothers (20 years old to 34 years old),7880
2016,San Luis Obispo,Total Births,2460
2016,San Luis Obispo,Older Mothers (35 years old or older),451
2016,San Luis Obispo,Teen Mothers (15 years old to 19 years old),109
2016,San Luis Obispo,Typical Aged Mothers (20 years old to 34 years old),1900
2016,San Mateo,Total Births,8085
2016,San Mateo,Older Mothers (35 years old or older),2774
2016,San Mateo,Teen Mothers (15 years old to 19 years old),155
2016,San Mateo,Typical Aged Mothers (20 years old to 34 years old),5154
2016,Santa Barbara,Total Births,5266
2016,Santa Barbara,Older Mothers (35 years old or older),1000
2016,Santa Barbara,Teen Mothers (15 years old to 19 years old),312
2016,Santa Barbara,Typical Aged Mothers (20 years old to 34 years old),3947
2016,Santa Clara,Total Births,22588
2016,Santa Clara,Older Mothers (35 years old or older),6195
2016,Santa Clara,Teen Mothers (15 years old to 19 years old),567
2016,Santa Clara,Typical Aged Mothers (20 years old to 34 years old),15816
2016,Santa Cruz,Total Births,2876
2016,Santa Cruz,Older Mothers (35 years old or older),733
2016,Santa Cruz,Teen Mothers (15 years old to 19 years old),143
2016,Santa Cruz,Typical Aged Mothers (20 years old to 34 years old),2000
2016,Shasta,Total Births,1977
2016,Shasta,Older Mothers (35 years old or older),245
2016,Shasta,Teen Mothers (15 years old to 19 years old),101
2016,Shasta,Typical Aged Mothers (20 years old to 34 years old),1630
2016,Siskiyou,Total Births,341
2016,Siskiyou,Older Mothers (35 years old or older),35
2016,Siskiyou,Teen Mothers (15 years old to 19 years old),15
2016,Siskiyou,Typical Aged Mothers (20 years old to 34 years old),290
2016,Solano,Total Births,4780
2016,Solano,Older Mothers (35 years old or older),946
2016,Solano,Teen Mothers (15 years old to 19 years old),186
2016,Solano,Typical Aged Mothers (20 years old to 34 years old),3647
2016,Sonoma,Total Births,4646
2016,Sonoma,Older Mothers (35 years old or older),1049
2016,Sonoma,Teen Mothers (15 years old to 19 years old),166
2016,Sonoma,Typical Aged Mothers (20 years old to 34 years old),3431
2016,Stanislaus,Total Births,7678
2016,Stanislaus,Older Mothers (35 years old or older),1081
2016,Stanislaus,Teen Mothers (15 years old to 19 years old),494
2016,Stanislaus,Typical Aged Mothers (20 years old to 34 years old),6098
2016,Sutter,Total Births,1336
2016,Sutter,Older Mothers (35 years old or older),165
2016,Sutter,Teen Mothers (15 years old to 19 years old),71
2016,Sutter,Typical Aged Mothers (20 years old to 34 years old),1100
2016,Tehama,Total Births,730
2016,Tehama,Older Mothers (35 years old or older),63
2016,Tehama,Teen Mothers (15 years old to 19 years old),50
2016,Tehama,Typical Aged Mothers (20 years old to 34 years old),617
2016,Tulare,Total Births,6965
2016,Tulare,Older Mothers (35 years old or older),917
2016,Tulare,Teen Mothers (15 years old to 19 years old),599
2016,Tulare,Typical Aged Mothers (20 years old to 34 years old),5447
2016,Ventura,Total Births,9260
2016,Ventura,Older Mothers (35 years old or older),1916
2016,Ventura,Teen Mothers (15 years old to 19 years old),412
2016,Ventura,Typical Aged Mothers (20 years old to 34 years old),6930
2016,Yolo,Total Births,2343
2016,Yolo,Older Mothers (35 years old or older),515
2016,Yolo,Teen Mothers (15 years old to 19 years old),81
2016,Yolo,Typical Aged Mothers (20 years old to 34 years old),1747
2016,Yuba,Total Births,1210
2016,Yuba,Older Mothers (35 years old or older),130
2016,Yuba,Teen Mothers (15 years old to 19 years old),78
2016,Yuba,Typical Aged Mothers (20 years old to 34 years old),1001
